FM_PORT_CD,TO_PORT_CD,DSTN,ECA_DSTN
AEAUH,AEJEA,59,0
AEAUH,MYPKG,3370,0
AEAUH,OMSOH,320,0
AEAUH,SGSIN,3563,0
AEJEA,CNSHA,5667,0
AEJEA,HKHKG,4940,0
AEJEA,IQUQR,432,0
AEJEA,MYPKG,3316,0
AEJEA,OMSOH,264,0
AEJEA,QAHMD,196,0
AEJEA,SADMM,289,0
AEJEA,SAJUB,307,0
AEJEA,SGSIN,3509,0
AEJEA,THLCH,4259,0
BEANR,CAHAL,2695,872
BEANR,DEBRV,264,264
BEANR,DEHAM,267,267
BEANR,DEWVN,329,329
BEANR,EGSCA,3296,352
BEANR,EGSUZ,3296,352
BEANR,ESALG,1603,352
BEANR,FRLEH,169,169
BEANR,GBFXT,141,141
BEANR,GBLGP,67,67
BEANR,GBSOU,148,148
BEANR,GRPIR,2825,352
BEANR,LKCMB,10511,375
BEANR,MATNG,1403,352
BEANR,MXTUX,5091,375
BEANR,MXVER,5082,375
BEANR,NLRTM,64,64
BEANR,SGSIN,11760,375
BEANR,USMIA,4114,347
BEANR,USORF,3539,605
BEANR,USPEF,3488,657
BEANR,USSAV,3802,797
BEZEE,BEANR,87,87
BEZEE,DEHAM,347,347
CAHAL,AEJEA,10834,282
CAHAL,BEANR,2695,872
CAHAL,CASJB,276,276
CAHAL,COCNR,2152,282
CAHAL,DEBRV,2969,1086
CAHAL,DEHAM,2844,1211
CAHAL,EGSCA,4709,379
CAHAL,EGSUZ,4709,379
CAHAL,FRLEH,2562,877
CAHAL,GBLGP,2680,841
CAHAL,GBSOU,2506,841
CAHAL,MXVER,2391,276
CAHAL,NLRTM,2752,917
CAHAL,PAPCA,2337,276
CAHAL,SGSIN,12083,379
CAHAL,USNYC,561,561
CAHAL,USPEF,1409,331
CAHAL,USSAV,1108,1108
CAPRR,CAVAN,553,553
CAPRR,KRPUS,4130,322
CAPRR,USLAX,1410,1410
CAPRR,USSEA,497,497
CAPRR,USTIW,557,557
CASJB,CAHAL,295,295
CASJB,GBSOU,2810,840
CAVAN,CAPRR,553,553
CAVAN,CNTAO,5065,458
CAVAN,CNXMN,5497,458
CAVAN,JPTYO,4225,458
CAVAN,JPUKB,4536,458
CAVAN,KRKAN,4570,458
CAVAN,KRPUS,4571,458
CAVAN,NLRTM,9088,833
CAVAN,PAPCA,4066,1212
CAVAN,PAPCN,4066,1212
CAVAN,SGSIN,7055,458
CAVAN,TWKHH,5511,458
CAVAN,USLAX,1105,1105
CAVAN,USLGB,1102,1102
CAVAN,USOAK,770,770
CAVAN,USSEA,1,1
CAVAN,USTIW,1,1
CNCAN,CNTAO,1226,0
CNCAN,HKHKG,50,0
CNCAN,TWKHH,420,0
CNDCB,CNYTN,66,0
CNDLC,CNSHA,519,0
CNDLC,CNTAO,256,0
CNDLC,CNTXG,175,0
CNDLC,KRPUS,553,0
CNFOC,CNXMN,203,0
CNLYG,CNTAO,121,0
CNNBO,CAVAN,5073,457
CNNBO,CNSHA,96,0
CNNBO,CNSHG,103,0
CNNBO,CNSHK,728,0
CNNBO,CNTAO,442,0
CNNBO,CNXMN,483,0
CNNBO,CNYTN,734,0
CNNBO,CNZOS,26,0
CNNBO,HKHKG,736,0
CNNBO,JPTYO,1030,0
CNNBO,JPUKB,794,0
CNNBO,KRPUS,497,0
CNNBO,MYPKG,2285,0
CNNBO,SGSIN,2079,0
CNNBO,THLCH,2171,0
CNNBO,TWKHH,516,0
CNNBO,USLAX,5795,373
CNNBO,USLGB,5742,373
CNNBO,USTIW,5077,397
CNNGB,CAVAN,5073,457
CNNGB,CNNSA,734,0
CNNGB,CNSHA,96,0
CNNGB,CNSHG,103,0
CNNGB,CNSHK,728,0
CNNGB,CNTAO,442,0
CNNGB,CNTXG,790,0
CNNGB,CNXMN,483,0
CNNGB,CNYTN,734,0
CNNGB,CNZOS,26,0
CNNGB,HKHKG,736,0
CNNGB,JPNGO,906,0
CNNGB,JPTYO,1030,0
CNNGB,JPUKB,794,0
CNNGB,KRKAN,586,0
CNNGB,KRPUS,497,0
CNNGB,MYPKG,2285,0
CNNGB,PAPCA,8638,0
CNNGB,SGSIN,2079,0
CNNGB,THLCH,2171,0
CNNGB,TWKHH,516,0
CNNGB,USLAX,5795,373
CNNGB,USLGB,5742,373
CNNGB,USTIW,5077,397
CNNSA,CNYTN,84,0
CNNSA,KRPUS,1170,0
CNNSA,SGSIN,1500,0
CNNSS,CNSHA,825,0
CNNSS,CNTAO,1164,0
CNNSS,KRPUS,1177,0
CNPLI,CNTAO,291,0
CNSHA,AEJEA,6529,0
CNSHA,CNNBO,96,0
CNSHA,CNNGB,96,0
CNSHA,CNNSA,915,0
CNSHA,CNSHG,30,0
CNSHA,CNSHK,803,0
CNSHA,CNTAO,389,0
CNSHA,CNXMN,533,0
CNSHA,CNYTN,784,0
CNSHA,CNZOS,22,0
CNSHA,EGSCA,7195,0
CNSHA,EGSUZ,7195,0
CNSHA,HKHKG,786,0
CNSHA,JPUKB,747,0
CNSHA,KRKAN,412,0
CNSHA,KRPUS,447,0
CNSHA,MYPKG,2886,0
CNSHA,PABLB,8562,0
CNSHA,PAPCA,8581,0
CNSHA,PAPCN,8581,0
CNSHA,SGSIN,2129,0
CNSHA,THLCH,2215,0
CNSHA,TWKHH,560,0
CNSHA,USLAX,5684,329
CNSHA,USLGB,5723,373
CNSHA,USTIW,5035,497
CNSHG,CNNBO,103,0
CNSHG,CNNGB,103,0
CNSHG,CNSHA,11,0
CNSHG,CNSHK,828,0
CNSHG,CNTAO,386,0
CNSHG,CNXMN,539,0
CNSHG,CNYTN,790,0
CNSHG,CNZOS,99,0
CNSHG,HKHKG,792,0
CNSHG,JPNGO,858,0
CNSHG,JPSMZ,902,0
CNSHG,JPTYO,984,0
CNSHG,JPUKB,737,0
CNSHG,KRKAN,371,0
CNSHG,KRPUS,440,0
CNSHG,SGSIN,2132,0
CNSHG,THLCH,2222,0
CNSHG,TWKHH,591,0
CNSHK,CNNBO,728,0
CNSHK,CNNGB,728,0
CNSHK,CNSHA,803,0
CNSHK,CNTAO,1159,0
CNSHK,CNYTN,60,0
CNSHK,HKHKG,1,0
CNSHK,INNSA,2840,0
CNSHK,KRPUS,1153,0
CNSHK,MYPKG,1613,0
CNSHK,SGSIN,1411,0
CNSHK,THLCH,1504,0
CNSHK,TWKHH,358,0
CNTAO,CAPRR,4699,322
CNTAO,CNNBO,442,0
CNTAO,CNNGB,442,0
CNTAO,CNPLI,291,0
CNTAO,CNSHA,389,0
CNTAO,CNSHG,386,0
CNTAO,CNTXG,401,0
CNTAO,CNXMN,889,0
CNTAO,CNYTN,1142,0
CNTAO,CNZOS,453,0
CNTAO,HKHKG,1147,0
CNTAO,INNSA,5646,0
CNTAO,JPNGO,1020,0
CNTAO,JPTYO,1146,0
CNTAO,JPUKB,776,0
CNTAO,KRKAN,447,0
CNTAO,KRPUS,488,0
CNTAO,THLCH,2578,0
CNTAO,TWKHH,922,0
CNTXG,CNDLC,175,0
CNTXG,CNTAO,401,0
CNTXG,KRPUS,698,0
CNTXG,SGSIN,2764,0
CNXMN,CAVAN,5495,458
CNXMN,CNCAN,370,0
CNXMN,CNDLC,1002,0
CNXMN,CNNBO,483,0
CNXMN,CNNGB,483,0
CNXMN,CNSHA,533,0
CNXMN,CNSHK,308,0
CNXMN,CNTAO,894,0
CNXMN,CNTXG,1147,0
CNXMN,CNYTN,289,0
CNXMN,HKHKG,291,0
CNXMN,JPNGO,1204,0
CNXMN,JPUKB,1102,0
CNXMN,SGSIN,1637,0
CNXMN,THLCH,1728,0
CNXMN,TWKHH,176,0
CNXMN,USLAX,6140,373
CNXMN,USLGB,6142,373
CNXMN,USTIW,5501,458
CNXMN,VNCMP,1095,0
CNYTN,CAVAN,5737,457
CNYTN,CNCAN,122,0
CNYTN,CNFOC,470,0
CNYTN,CNNBO,734,0
CNYTN,CNNGB,734,0
CNYTN,CNSHA,784,0
CNYTN,CNSHG,790,0
CNYTN,CNSHK,60,0
CNYTN,CNTAO,1142,0
CNYTN,CNTXG,1421,0
CNYTN,CNXMN,289,0
CNYTN,CNZOS,714,0
CNYTN,EGSCA,6526,0
CNYTN,EGSUZ,6526,0
CNYTN,ESALG,11994,0
CNYTN,HKHKG,43,0
CNYTN,JPSMZ,1519,0
CNYTN,JPUKB,1350,0
CNYTN,KRPUS,1135,0
CNYTN,LKCMB,3074,0
CNYTN,NLRTM,13042,416
CNYTN,PAPCA,9196,0
CNYTN,SGSIN,1460,0
CNYTN,THLCH,1551,0
CNYTN,TWKEL,475,0
CNYTN,TWKHH,341,0
CNYTN,USHOU,14396,227
CNYTN,USLAX,6388,373
CNYTN,USLGB,6390,373
CNYTN,USNYC,13686,243
CNYTN,USOAK,6089,306
CNYTN,USSEA,5741,292
CNYTN,USTIW,5741,292
CNYTN,VNCMP,918,0
CNYTN,VNVUT,918,0
CNZOS,CNNBO,18,0
CNZOS,CNNGB,18,0
CNZOS,CNSHG,99,0
CNZOS,CNTAO,461,0
CNZOS,CNXMN,460,0
CNZOS,CNYTN,718,0
CNZOS,JPNGO,887,0
CNZOS,JPUKB,786,0
CNZOS,KRPUS,481,0
CNZOS,SGSIN,2070,0
CNZOS,THLCH,2058,0
CNZOS,TWKHH,507,0
COBUN,TWKHH,8925,0
COCNR,CAHAL,2152,282
COCNR,CASJB,2175,282
COCNR,DOCAU,541,0
COCNR,EGSCA,6066,0
COCNR,GBSOU,4276,150
COCNR,KRPUS,14334,0
COCNR,PAMIT,276,0
COCNR,PAPCA,227,0
COCNR,USCHS,1400,221
COCNR,USNYC,1830,276
COCNR,USSAV,1334,256
COCTG,DOCAU,541,0
COCTG,GBSOU,4276,150
COCTG,PAPCA,227,0
COCTG,PAPCN,227,0
COCTG,USNYC,1830,276
COCTG,USSAV,1334,256
COSPC,DOCAU,541,0
COSPC,GBSOU,4276,150
COSPC,PAPCA,227,0
COSPC,USSAV,1334,256
DEBRV,BEANR,264,264
DEBRV,CAHAL,2938,980
DEBRV,DEHAM,38,38
DEBRV,FRLEH,418,418
DEBRV,GBFXT,250,250
DEBRV,GBLGP,289,289
DEBRV,GBSOU,397,397
DEBRV,MXATM,5338,589
DEBRV,MXTUX,5340,589
DEBRV,MXVER,5330,589
DEBRV,NLRTM,227,227
DEBRV,USCHS,3986,967
DEBRV,USHOU,5225,911
DEBRV,USMIA,4282,620
DEBRV,USNYC,3598,957
DEHAM,BEANR,267,267
DEHAM,CAHAL,2844,1211
DEHAM,DEBRV,13,13
DEHAM,DEWVN,114,114
DEHAM,ESALG,1618,595
DEHAM,FRLEH,421,421
DEHAM,GBFXT,360,360
DEHAM,GBLGP,291,291
DEHAM,GBSOU,400,400
DEHAM,KRPUS,14365,595
DEHAM,MATNG,1594,595
DEHAM,MXTUX,5343,942
DEHAM,MXVER,5334,942
DEHAM,NLRTM,230,230
DEHAM,PLGDN,822,822
DEHAM,SGSIN,12008,942
DEHAM,TRYAL,3398,597
DEHAM,USCHS,3989,1006
DEHAM,USNYC,3571,1073
DEHAM,USORF,3643,851
DEHAM,USPEF,4295,1061
DEHAM,USSAV,4054,1061
DEWVN,BEANR,279,279
DEWVN,DEHAM,136,136
DEWVN,ESALG,1538,573
DEWVN,FRLEH,423,423
DEWVN,MXVER,5222,450
DEWVN,NLRTM,361,361
DEWVN,SGSIN,12029,573
DOCAU,CAHAL,1702,235
DOCAU,CASJB,1702,235
DOCAU,FRLEH,3836,199
DOCAU,GBSOU,3813,159
DOCAU,USSAV,1150,237
EGAKI,CNTXG,15095,0
EGAKI,SGSIN,12482,0
EGAKI,TRIZT,760,0
EGDAM,EGSCA,37,0
EGDAM,EGSUZ,37,0
EGDAM,ESBCN,1546,0
EGDAM,ESVLC,1623,0
EGDAM,GRPIR,512,0
EGDAM,ILASH,262,0
EGDAM,SGSIN,5170,0
EGDAM,TRIST,722,0
EGSCA,AEJEA,2940,0
EGSCA,CAHAL,4709,391
EGSCA,CNNGB,7134,0
EGSCA,CNSHA,7195,0
EGSCA,CNSHK,6477,0
EGSCA,CNTAO,7390,7390
EGSCA,CNXMN,6580,0
EGSCA,CNYTN,6526,0
EGSCA,EGDAM,37,0
EGSCA,ESALG,1678,0
EGSCA,FRLEH,3122,216
EGSCA,GBLGP,3267,352
EGSCA,GBSOU,3109,190
EGSCA,GRPIR,648,0
EGSCA,HKHKG,6478,0
EGSCA,ILASH,153,0
EGSCA,ILHFA,256,0
EGSCA,ITGOA,1444,0
EGSCA,KRPUS,7596,0
EGSCA,MAPTM,1987,0
EGSCA,MATNG,1987,0
EGSCA,MYPKG,4934,0
EGSCA,NLRTM,3352,402
EGSCA,SAJED,674,0
EGSCA,SGSIN,5048,0
EGSCA,TRIST,849,0
EGSCA,TWKHH,6727,0
EGSCA,USHOU,6768,242
EGSCA,USNYC,5167,368
EGSCA,USORF,1826,290
EGSCA,USSAV,5648,260
EGSOK,EGDAM,11957,0
EGSOK,SAJED,619,0
EGSOK,SGSIN,5057,0
EGSUZ,AEJEA,2940,0
EGSUZ,CAHAL,4709,391
EGSUZ,CNSHK,6477,0
EGSUZ,CNYTN,6526,0
EGSUZ,EGDAM,37,0
EGSUZ,FRLEH,3122,216
EGSUZ,GBSOU,3109,190
EGSUZ,GRPIR,648,0
EGSUZ,ILASH,153,0
EGSUZ,ITGOA,1444,0
EGSUZ,MAPTM,1987,0
EGSUZ,NLRTM,3352,402
EGSUZ,SAJED,674,0
EGSUZ,SGSIN,5048,0
EGSUZ,USNYC,5167,368
ESALG,BEANR,1370,352
ESALG,EGDAM,1800,0
ESALG,EGSCA,1687,0
ESALG,FRFOS,701,0
ESALG,ITGOA,849,0
ESALG,ITLIV,1004,0
ESALG,ITSAL,1124,0
ESALG,ITSPE,889,0
ESALG,KRPUS,13177,0
ESALG,MATNG,32,0
ESALG,NLRTM,1652,300
ESALG,SGSIN,10688,0
ESALG,USNYC,3214,368
ESBCN,EGSCA,1626,0
ESBCN,EGSUZ,1626,0
ESBCN,ESVLC,145,0
ESBCN,FRFOS,172,0
ESBCN,GRPIR,1342,0
ESBCN,ITGOA,348,0
ESBCN,ITSPE,380,0
ESBCN,MAPTM,539,0
ESBCN,MATNG,539,0
ESBCN,SGSIN,11199,0
ESBCN,USNYC,3721,399
ESFRO,GBSOU,536,190
ESVLC,CNTAO,13388,0
ESVLC,EGDAM,1623,0
ESVLC,EGSCA,1703,0
ESVLC,EGSUZ,1703,0
ESVLC,ESALG,392,0
ESVLC,ESBCN,145,0
ESVLC,FRFOS,332,0
ESVLC,GBSOU,1555,169
ESVLC,ITGOA,489,0
ESVLC,ITSAL,711,0
ESVLC,ITSPE,537,537
ESVLC,MAPTM,412,0
ESVLC,MATNG,412,0
ESVLC,SGSIN,11071,0
ESVLC,USNYC,3593,368
ESVLC,USORF,3886,225
FRBES,NLRTM,497,420
FRDKK,GBSOU,120,120
FRFOS,CAHAL,3434,391
FRFOS,EGSCA,1637,0
FRFOS,ESBCN,172,0
FRFOS,ESVLC,332,0
FRFOS,GRPIR,1089,0
FRFOS,ITGOA,211,0
FRFOS,ITLIV,262,0
FRFOS,ITSPE,251,0
FRFOS,MATNG,714,0
FRFOS,PTLIS,996,0
FRFOS,SGSIN,11374,0
FRFOS,USNYC,3902,368
FRLEH,BEANR,169,169
FRLEH,CNYTN,12856,216
FRLEH,DEBRV,422,422
FRLEH,DEHAM,421,421
FRLEH,DEWVN,435,435
FRLEH,EGSCA,3156,216
FRLEH,EGSUZ,3156,216
FRLEH,ESALG,1160,216
FRLEH,ESFRO,570,216
FRLEH,GBLGP,171,171
FRLEH,GBSOU,80,80
FRLEH,MAPTM,1178,216
FRLEH,MXATM,4942,211
FRLEH,MXTUX,4943,211
FRLEH,MXVER,5006,211
FRLEH,NLRTM,225,225
FRLEH,SGSIN,11550,211
FRLEH,USNYC,3172,579
FRLEH,USSAV,3825,633
GBFXT,BEANR,141,141
GBFXT,DEHAM,481,481
GBFXT,FRLEH,178,178
GBFXT,NLRTM,121,121
GBFXT,SGSIN,11827,320
GBLGP,BEANR,67,67
GBLGP,CNYTN,13020,661
GBLGP,DEBRV,289,289
GBLGP,DEHAM,291,291
GBLGP,EGDAM,3118,342
GBLGP,EGSCA,3267,342
GBLGP,EGSUZ,3267,342
GBLGP,ESVLC,1707,342
GBLGP,FRLEH,171,171
GBLGP,GBSOU,119,119
GBLGP,GRPIR,2795,342
GBLGP,MATNG,1296,313
GBLGP,MXATM,5067,661
GBLGP,NLRTM,111,111
GBLGP,SGSIN,11734,313
GBLGP,USCHS,3708,714
GBLGP,USORF,3441,566
GBLGP,USSAV,3773,758
GBSOU,BEANR,148,148
GBSOU,CNYTN,9690,185
GBSOU,DEBRV,457,457
GBSOU,DEHAM,400,400
GBSOU,DEWVN,404,404
GBSOU,EGSCA,3109,185
GBSOU,EGSUZ,3109,185
GBSOU,ESALG,1145,185
GBSOU,FRLEH,80,80
GBSOU,MAPTM,1144,185
GBSOU,NLRTM,204,204
GBSOU,SGSIN,8068,185
GBSOU,USCHS,3547,563
GRPIR,EGSCA,648,0
GRPIR,EGSUZ,648,0
GRPIR,ITGOA,977,0
GRPIR,ITSPE,969,0
GRPIR,MATNG,1505,0
GRPIR,SGSIN,12165,0
GRPIR,TRIST,363,0
GRPIR,TRIZT,390,0
GTPRQ,KRPUS,7221,0
GTPRQ,USLAX,2040,70
GTPRQ,USOAK,2385,440
HKHKG,CNCAN,50,0
HKHKG,CNDLC,1278,0
HKHKG,CNNBO,736,0
HKHKG,CNNGB,736,0
HKHKG,CNSHA,786,0
HKHKG,CNSHG,811,0
HKHKG,CNSHK,1,0
HKHKG,CNTAO,1142,0
HKHKG,CNTXG,1422,0
HKHKG,CNXMN,291,0
HKHKG,CNYTN,43,0
HKHKG,CNZOS,727,0
HKHKG,KRPUS,1136,0
HKHKG,SGSIN,1413,0
HKHKG,THLCH,1504,0
HKHKG,TWKHH,341,0
HKHKG,USLAX,6390,373
HKHKG,VNCMP,865,0
HKHKG,VNHPH,464,0
HKHKG,VNVUT,865,0
ILASH,CNNGB,14777,0
ILASH,EGSCA,153,0
ILASH,GRPIR,652,0
ILASH,KRPUS,15181,0
ILASH,SGSIN,12714,0
ILASH,TRIST,856,0
ILASH,TRIZT,895,0
ILASH,TRMER,289,0
ILASH,TRTEK,800,0
ILHFA,TRIST,816,0
INNSA,INPAV,145,0
INNSA,LKCMB,891,0
INPAV,INNSA,145,0
INPAV,LKCMB,1006,0
INPAV,MYPKG,2400,0
INPAV,SGSIN,2562,0
INPAV,USLAX,10104,373
IQUQR,AEJEA,432,0
IQUQR,CNSHA,6132,0
IQUQR,QAHMD,349,0
IQUQR,SAJUB,350,0
ITGOA,CAHAL,3581,391
ITGOA,EGDAM,1386,0
ITGOA,EGSCA,1444,0
ITGOA,EGSUZ,1444,0
ITGOA,ESALG,849,0
ITGOA,ESBCN,333,0
ITGOA,ESVLC,489,0
ITGOA,FRFOS,211,0
ITGOA,GBLGP,2150,352
ITGOA,GRPIR,977,0
ITGOA,ITLIV,87,0
ITGOA,ITSAL,450,0
ITGOA,ITSPE,43,0
ITGOA,ITVDL,12,0
ITGOA,MATNG,870,0
ITGOA,NLRTM,2235,402
ITGOA,SGSIN,11522,0
ITLIV,FRFOS,252,0
ITLIV,ITGOA,67,0
ITLIV,ITSAL,319,0
ITLIV,ITSPE,40,0
ITSAL,ESVLC,718,0
ITSAL,ITGOA,450,0
ITSAL,ITLIV,319,0
ITSAL,ITSPE,349,0
ITSPE,ESBCN,373,0
ITSPE,ESVLC,529,0
ITSPE,FRFOS,251,0
ITSPE,ITGOA,43,0
ITSPE,ITSAL,400,0
ITSPE,ITVDL,73,0
ITVDL,ESVLC,493,0
ITVDL,FRFOS,208,0
ITVDL,SGSIN,11513,0
JOAQJ,EGSOK,284,0
JPNGO,CNNBO,908,0
JPNGO,CNNGB,908,0
JPNGO,CNSHG,858,0
JPNGO,CNTAO,964,0
JPNGO,CNXMN,1204,0
JPNGO,JPSMZ,102,0
JPNGO,JPTYO,169,0
JPNGO,JPUKB,197,0
JPNGO,KRPUS,519,0
JPNGO,SGSIN,2755,0
JPNGO,TWKHH,1218,0
JPNGO,USLAX,4944,394
JPNGO,USTIW,4362,457
JPNGO,VNHPH,1920,0
JPSDJ,USLAX,4661,373
JPSMZ,CNTAO,1087,0
JPSMZ,CNXMN,1271,0
JPSMZ,JPNGO,112,0
JPSMZ,JPTYO,113,0
JPSMZ,JPUKB,263,0
JPSMZ,JPYUR,245,0
JPSMZ,NLRTM,14362,403
JPSMZ,SGSIN,2819,0
JPSMZ,TWKHH,1284,0
JPTYO,CAVAN,4225,458
JPTYO,CNNBO,1022,0
JPTYO,CNNGB,1022,0
JPTYO,CNSHA,974,0
JPTYO,CNSHG,962,0
JPTYO,CNTAO,1146,0
JPTYO,CNXMN,1330,0
JPTYO,CNZOS,998,0
JPTYO,HKHKG,1580,0
JPTYO,JPNGO,169,0
JPTYO,JPSDJ,273,0
JPTYO,JPSMZ,113,0
JPTYO,JPUKB,323,0
JPTYO,JPYUR,305,0
JPTYO,KRPUS,642,0
JPTYO,PAPCA,7732,0
JPTYO,PAPCN,7732,0
JPTYO,SGSIN,2872,0
JPTYO,TWKHH,1349,0
JPTYO,USLAX,4847,373
JPTYO,USLGB,4849,373
JPTYO,USTIW,4229,457
JPUKB,CNNBO,794,0
JPUKB,CNNGB,794,0
JPUKB,CNSHA,747,0
JPUKB,CNSHG,757,0
JPUKB,CNTAO,861,0
JPUKB,CNXMN,1102,0
JPUKB,CNZOS,786,0
JPUKB,HKHKG,1352,0
JPUKB,JPNGO,197,0
JPUKB,JPSDJ,543,0
JPUKB,JPSMZ,263,0
JPUKB,JPTYO,323,0
JPUKB,KRPUS,327,0
JPUKB,SGSIN,2668,0
JPUKB,THLCH,2691,0
JPUKB,TWKHH,1122,0
JPUKB,USLAX,5098,373
JPUKB,VNHPH,1820,0
JPYOK,CNYTN,1589,0
JPYOK,HKHKG,1579,0
JPYOK,TWKHH,1349,0
JPYUR,JPUKB,27,0
KRINC,CNNGB,510,0
KRINC,CNSHA,455,0
KRINC,CNTAO,328,0
KRKAN,CAVAN,4570,458
KRKAN,CNDLC,514,0
KRKAN,CNSHA,389,0
KRKAN,CNSHG,393,0
KRKAN,CNTAO,435,0
KRKAN,CNTXG,658,0
KRKAN,HKHKG,1089,0
KRKAN,KRINC,335,0
KRKAN,KRPUS,78,0
KRKAN,TWKHH,873,0
KRPUS,CAPRR,4130,322
KRPUS,CAVAN,4571,457
KRPUS,CNDLC,543,0
KRPUS,CNLYG,505,0
KRPUS,CNNBO,497,0
KRPUS,CNNGB,497,0
KRPUS,CNSHA,447,0
KRPUS,CNSHG,440,0
KRPUS,CNSHK,1153,0
KRPUS,CNTAO,488,0
KRPUS,CNTXG,688,0
KRPUS,CNXMN,885,0
KRPUS,CNYTN,1135,0
KRPUS,CNZOS,481,0
KRPUS,COCNR,14334,0
KRPUS,EGSCA,7596,0
KRPUS,HKHKG,1136,0
KRPUS,JOAQJ,7370,0
KRPUS,JPNGO,554,0
KRPUS,JPTYO,840,0
KRPUS,JPUKB,327,0
KRPUS,KRINC,384,0
KRPUS,KRKAN,78,0
KRPUS,MXLZC,6512,0
KRPUS,MXZLO,6376,0
KRPUS,PAMIT,8120,0
KRPUS,PAPCA,8190,0
KRPUS,PAPCN,8190,0
KRPUS,PAROD,6376,0
KRPUS,SGSIN,2471,0
KRPUS,THLCH,2571,0
KRPUS,TWKHH,912,0
KRPUS,USHOU,15443,242
KRPUS,USLAX,5302,373
KRPUS,USLGB,5302,373
KRPUS,USNYC,4737,380
KRPUS,USOAK,4927,306
KRPUS,USSAV,14808,206
KRPUS,USSEA,4554,457
KRPUS,USTIW,4575,457
LKCMB,AEJEA,2049,0
LKCMB,CAHAL,10834,282
LKCMB,EGSCA,3506,0
LKCMB,EGSUZ,3506,0
LKCMB,ESALG,9439,0
LKCMB,GBLGP,10465,342
LKCMB,MYPKG,1391,0
LKCMB,SGSIN,1584,0
LKCMB,USNYC,11124,207
MAPTM,EGDAM,1907,0
MAPTM,EGSCA,1987,0
MAPTM,EGSUZ,1987,0
MAPTM,ESVLC,412,0
MAPTM,GBSOU,1144,190
MAPTM,ITGOA,870,0
MATNG,CNTXG,13278,0
MATNG,EGDAM,1907,0
MATNG,EGSCA,1987,0
MATNG,EGSUZ,1987,0
MATNG,ESBCN,539,0
MATNG,ESVLC,412,0
MATNG,GBLGP,1296,313
MATNG,GBSOU,1144,190
MATNG,ITGOA,870,0
MATNG,ITLIV,887,0
MATNG,KRPUS,13172,0
MATNG,NLRTM,1374,397
MATNG,SGSIN,10705,0
MNTNG,EGDAM,1907,0
MNTNG,EGSCA,1987,0
MNTNG,EGSUZ,1987,0
MNTNG,ESVLC,412,0
MNTNG,GBSOU,1144,190
MNTNG,ITGOA,870,0
MXATM,FRLEH,4924,211
MXATM,GBLGP,5067,661
MXATM,GBSOU,4940,661
MXATM,MXVER,230,0
MXATM,USHOU,477,242
MXATM,USMSY,584,229
MXLZC,PAPCA,1593,0
MXTUX,MXATM,105,0
MXTUX,MXVER,137,0
MXVER,MXATM,230,0
MXVER,MXTUX,143,0
MXVER,USHOU,645,242
MXZLO,KRPUS,6387,0
MXZLO,PAPCA,1756,27
MXZLO,TWKHH,7234,0
MYPKG,AEJEA,3316,0
MYPKG,CNNGB,2280,0
MYPKG,CNSHA,2380,0
MYPKG,CNSHG,2380,0
MYPKG,HKHKG,1620,0
MYPKG,INNSA,2259,0
MYPKG,INPAV,2369,0
MYPKG,KRPUS,2713,0
MYPKG,LKCMB,1550,0
MYPKG,SAJED,4204,0
MYPKG,SGSIN,184,0
MYPKG,TWKHH,1808,0
NLRTM,BEANR,64,64
NLRTM,BEZEE,50,50
NLRTM,DEBRV,227,227
NLRTM,DEHAM,230,230
NLRTM,DEWVN,185,185
NLRTM,EGSCA,3352,420
NLRTM,EGSUZ,3352,420
NLRTM,ESALG,1652,420
NLRTM,ESFRO,790,415
NLRTM,FRBES,497,420
NLRTM,FRDKK,96,96
NLRTM,FRLEH,225,225
NLRTM,GBFXT,121,121
NLRTM,GBLGP,111,111
NLRTM,GBSOU,204,204
NLRTM,MAPTM,1374,397
NLRTM,MATNG,1374,397
NLRTM,PLGDN,981,0
NLRTM,SGSIN,11855,406
NLRTM,USNYC,3375,878
OMSOH,MYPKG,3184,0
OMSOH,SGSIN,3280,0
PABLB,CNNBO,8622,0
PABLB,CNNGB,8622,0
PABLB,JPTYO,7714,0
PABLB,KRPUS,8120,0
PABLB,PAPCA,1,0
PABLB,PAPCN,1,0
PABLB,TWKHH,9019,0
PABLB,USLAX,2921,70
PABLB,USOAK,3276,440
PAMIT,KRPUS,8120,0
PAMIT,PAPCA,1,0
PAMIT,PAPCN,1,0
PAMIT,TWKHH,8988,0
PAMIT,USJAX,1505,224
PAMIT,USLAX,2951,70
PAMIT,USNYC,1948,380
PAMIT,USORF,1777,290
PAMIT,USSAV,1528,117
PAPCA,CAHAL,2298,282
PAPCA,CNNBO,8638,0
PAPCA,CNNGB,8638,0
PAPCA,CNSHA,8581,0
PAPCA,CNTAO,8632,0
PAPCA,CNYTN,9196,215
PAPCA,COCNR,227,0
PAPCA,COCTG,227,0
PAPCA,COSPC,227,0
PAPCA,DOCAU,835,0
PAPCA,GBSOU,4581,150
PAPCA,GTPRQ,930,0
PAPCA,HKHKG,9235,0
PAPCA,JPTYO,7732,0
PAPCA,KRPUS,8190,0
PAPCA,MXZLO,1756,27
PAPCA,PABLB,1,0
PAPCA,PAMIT,1,0
PAPCA,PAROD,1,0
PAPCA,SGSIN,12832,0
PAPCA,TWKHH,9037,0
PAPCA,USCHS,1580,211
PAPCA,USHOU,1507,150
PAPCA,USLAX,2939,70
PAPCA,USLGB,2936,70
PAPCA,USMOB,1398,264
PAPCA,USNYC,1970,380
PAPCA,USOAK,3294,440
PAPCA,USORF,1826,290
PAPCA,USSAV,1560,205
PAPCN,CNNBO,8638,0
PAPCN,CNSHA,8581,0
PAPCN,CNTAO,8632,0
PAPCN,COCTG,227,0
PAPCN,DOCAU,835,0
PAPCN,GBSOU,4581,150
PAPCN,GTPRQ,930,0
PAPCN,JPTYO,7732,0
PAPCN,KRPUS,8190,0
PAPCN,PABLB,1,0
PAPCN,PAMIT,1,0
PAPCN,PAROD,1,0
PAPCN,TWKHH,9037,0
PAPCN,USLAX,2939,70
PAPCN,USLGB,2936,70
PAPCN,USNYC,1970,380
PAPCN,USOAK,3294,440
PAPCN,USORF,1826,290
PAPCN,USSAV,1560,205
PAROD,CNNBO,8621,0
PAROD,CNNGB,8621,0
PAROD,COBUN,438,0
PAROD,GBSOU,4613,185
PAROD,GTPRQ,898,0
PAROD,HKHKG,8768,0
PAROD,JPTYO,7714,0
PAROD,KRPUS,8190,0
PAROD,MXZLO,1737,0
PAROD,PAPCA,1,0
PAROD,PAPCN,1,0
PAROD,TWKHH,9019,0
PAROD,USLAX,2921,70
PAROD,USLGB,2926,62
PAROD,USOAK,3243,461
PLGDN,NLRTM,981,981
PTLIS,CAHAL,2429,391
PTLIS,FRLEH,881,216
QAHMD,AEAUH,178,0
QAHMD,AEJEA,196,0
QAHMD,IQUQR,349,0
QAHMD,MYPKG,3484,0
QAHMD,SAJUB,225,0
QAHMD,SGSIN,1284,0
SADMM,AEAUH,291,0
SADMM,IQUQR,300,0
SADMM,QAHMD,180,0
SADMM,SAJUB,36,0
SADMM,SGSIN,3003,0
SAJED,AEJEA,2252,0
SAJED,CNSHA,7341,0
SAJED,EGDAM,879,0
SAJED,EGSCA,674,0
SAJED,EGSUZ,674,0
SAJED,ESBCN,2311,0
SAJED,JOAQJ,569,0
SAJED,LKCMB,2850,0
SAJED,SGSIN,4397,0
SAJED,THLCH,5494,0
SAJUB,AEAUH,325,0
SAJUB,AEJEA,307,0
SAJUB,OMSOH,481,0
SAJUB,QAHMD,225,0
SAJUB,SADMM,36,0
SGSIN,AEJEA,3509,0
SGSIN,BEZEE,11689,300
SGSIN,CAHAL,12162,228
SGSIN,CNDLC,2619,0
SGSIN,CNNBO,2079,0
SGSIN,CNNGB,2079,0
SGSIN,CNNSA,1410,0
SGSIN,CNNSS,1426,0
SGSIN,CNSHA,2129,0
SGSIN,CNSHG,2172,0
SGSIN,CNSHK,1411,0
SGSIN,CNTAO,2485,0
SGSIN,CNTXG,2764,0
SGSIN,CNXMN,1637,0
SGSIN,CNYTN,1460,0
SGSIN,CNZOS,2070,0
SGSIN,EGAKI,12482,0
SGSIN,EGDAM,12603,0
SGSIN,EGSCA,5048,0
SGSIN,EGSUZ,5048,0
SGSIN,ESALG,10688,0
SGSIN,ESBCN,11199,0
SGSIN,ESVLC,11094,0
SGSIN,GBFXT,11686,320
SGSIN,GBSOU,11535,185
SGSIN,GRPIR,12165,0
SGSIN,HKHKG,1413,0
SGSIN,ILASH,12689,0
SGSIN,INNSA,2452,0
SGSIN,INPAV,2562,0
SGSIN,JPNGO,2755,0
SGSIN,JPSMZ,2819,0
SGSIN,JPTYO,2872,0
SGSIN,JPUKB,2668,0
SGSIN,KRPUS,2479,0
SGSIN,LKCMB,1578,0
SGSIN,MATNG,10655,0
SGSIN,MTMAR,11678,0
SGSIN,MYPKG,184,0
SGSIN,NLRTM,11755,402
SGSIN,SAJED,4397,0
SGSIN,TGLFW,8190,0
SGSIN,THLCH,778,0
SGSIN,TRIST,12484,0
SGSIN,TWKHH,1606,0
SGSIN,USNYC,12416,243
SGSIN,VNCMP,578,0
SGSIN,VNHPH,1322,0
SGSIN,VNVUT,578,0
THLCH,CNNBO,2101,0
THLCH,CNNGB,2101,0
THLCH,CNSHG,2238,0
THLCH,CNTAO,2590,0
THLCH,CNXMN,1666,0
THLCH,CNYTN,1563,0
THLCH,HKHKG,1504,0
THLCH,SGSIN,790,0
THLCH,TWKHH,1715,0
THLCH,VNCMP,659,0
THLCH,VNVUT,671,0
TRALI,EGDAM,554,0
TRALI,EGSCA,627,0
TRALI,ILASH,625,0
TRALI,TRMER,557,0
TRGEM,TRALI,238,0
TRIST,ILASH,877,0
TRIST,TRALI,259,0
TRIST,TRGEM,50,0
TRIST,TRIZT,53,0
TRIST,TRMER,791,0
TRIST,TRTEK,85,0
TRIZT,ILASH,877,0
TRIZT,TRALI,298,0
TRIZT,TRIST,53,0
TRIZT,TRMER,830,0
TRIZT,TRTEK,120,0
TRMER,EGDAM,426,0
TRMER,EGSCA,400,0
TRMER,EGSUZ,400,0
TRMER,GRPIR,600,0
TRMER,ILASH,289,0
TRMER,SGSIN,12645,0
TRMER,TRALI,606,0
TRTEK,EGAKI,700,0
TRTEK,ILASH,800,0
TRTEK,SGSIN,12500,0
TRTEK,TRIST,120,0
TRYAL,GBLGP,3117,352
TWKEL,CNNGB,322,0
TWKEL,CNSHA,506,0
TWKEL,TWKHH,240,0
TWKEL,USLAX,5930,373
TWKEL,USOAK,5629,306
TWKHH,CNDCB,364,0
TWKHH,CNNBO,518,0
TWKHH,CNNGB,518,0
TWKHH,CNSHA,560,0
TWKHH,CNSHG,591,0
TWKHH,CNSHK,358,0
TWKHH,CNTAO,918,0
TWKHH,CNXMN,176,0
TWKHH,CNYTN,341,0
TWKHH,CNZOS,507,0
TWKHH,EGSCA,7400,0
TWKHH,HKHKG,341,0
TWKHH,JPNGO,1218,0
TWKHH,KRPUS,912,0
TWKHH,SGSIN,1606,0
TWKHH,THLCH,1703,0
TWKHH,TWKEL,240,0
TWKHH,USLAX,6173,373
TWKHH,USLGB,6161,373
TWKHH,USORF,13278,290
TWKHH,USTIW,5515,457
TWKHH,VNCMP,1070,0
TWKHH,VNVUT,1070,0
USBAL,GBSOU,3443,600
USBAL,USORF,582,582
USBOS,USCHS,848,848
USBOS,USILM,747,747
USBOS,USORF,538,538
USCHS,CAHAL,1053,1053
USCHS,COCNR,1407,228
USCHS,COSPC,1407,228
USCHS,EGSCA,5580,363
USCHS,EGSUZ,5580,363
USCHS,ESALG,3623,458
USCHS,FRLEH,3596,582
USCHS,GBLGP,3747,722
USCHS,GBSOU,3553,566
USCHS,ITLIV,4879,405
USCHS,PAMIT,1544,185
USCHS,PAPCA,1563,185
USCHS,PAPCN,1563,185
USCHS,SGSIN,10536,185
USCHS,USHOU,1333,1333
USCHS,USILM,149,149
USCHS,USJAX,199,199
USCHS,USMIA,435,435
USCHS,USNYC,580,580
USCHS,USORF,403,403
USCHS,USPEF,392,392
USCHS,USSAV,68,68
USCHS,ZAZBA,7230,185
USHOU,BEANR,4984,605
USHOU,COCNR,1626,215
USHOU,DEHAM,5265,620
USHOU,EGSCA,6768,242
USHOU,FRLEH,4839,434
USHOU,GBLGP,4955,574
USHOU,GBSOU,4795,418
USHOU,HKHKG,14394,215
USHOU,MXATM,477,242
USHOU,PAMIT,1505,336
USHOU,PAPCA,1268,215
USHOU,TWKHH,14563,215
USHOU,USMOB,536,536
USHOU,USMSY,335,335
USHOU,USNYC,1859,1859
USHOU,USORF,1681,1681
USHOU,USPEF,961,961
USHOU,USSAV,1297,1297
USILM,COCNR,1452,201
USILM,PAMIT,1609,224
USILM,PAPCA,1613,224
USILM,USCHS,149,149
USILM,USJAX,715,715
USILM,USORF,301,301
USILM,USSAV,174,174
USJAX,CAHAL,1344,661
USJAX,PAMIT,2220,661
USJAX,PAPCA,1505,117
USJAX,USCHS,155,155
USJAX,USNYC,761,761
USJAX,USORF,583,583
USJAX,USSAV,117,117
USLAX,CAVAN,1105,1105
USLAX,CNNBO,5740,373
USLAX,CNNGB,5740,373
USLAX,CNSHA,5723,373
USLAX,CNSHG,5684,373
USLAX,CNTAO,5712,373
USLAX,CNXMN,6140,373
USLAX,CNYTN,6370,373
USLAX,HKHKG,6390,373
USLAX,JPTYO,4847,373
USLAX,JPUKB,5098,370
USLAX,KRPUS,5238,373
USLAX,PABLB,2921,70
USLAX,PAPCA,2939,70
USLAX,PAPCN,2939,70
USLAX,PAROD,2921,70
USLAX,SGSIN,7637,358
USLAX,TWKEL,5930,373
USLAX,TWKHH,6159,373
USLAX,USLGB,1,1
USLAX,USOAK,327,327
USLAX,USSEA,1084,1084
USLAX,USTIW,1105,1105
USLGB,CNTAO,5706,373
USLGB,CNXMN,6142,373
USLGB,HKHKG,4849,373
USLGB,JPUKB,5097,393
USLGB,KRPUS,5238,373
USLGB,PABLB,2918,70
USLGB,PAPCA,2936,70
USLGB,PAPCN,2936,70
USLGB,THLCH,7706,501
USLGB,USLAX,1,1
USLGB,USOAK,329,329
USLGB,USTIW,1105,1105
USMIA,COCNR,1127,31
USMIA,COSPC,1127,31
USMIA,ESALG,3859,31
USMIA,FRFOS,4547,31
USMIA,ITGOA,4695,31
USMIA,ITLIV,4707,405
USMIA,MXVER,1012,31
USMIA,PAPCA,1200,31
USMIA,USNYC,966,582
USMIA,USSAV,641,641
USMOB,COCNR,1500,284
USMOB,EGSCA,6497,264
USMOB,FRLEH,4605,455
USMOB,GBLGP,4723,595
USMOB,GBSOU,4674,439
USMOB,HKHKG,10598,264
USMOB,PAMIT,1363,264
USMOB,PAPCA,1532,228
USMOB,TWKHH,10351,264
USMOB,USHOU,443,443
USMOB,USMSY,172,172
USMSY,BEANR,4697,575
USMSY,FRLEH,4550,404
USMSY,GBLGP,4668,544
USMSY,GBSOU,4507,388
USMSY,PAPCA,1311,183
USMSY,USHOU,335,335
USMSY,USMOB,172,172
USMSY,USNYC,1571,1571
USNYC,BEANR,3325,743
USNYC,CAHAL,567,567
USNYC,EGSCA,5173,866
USNYC,EGSUZ,5173,866
USNYC,ESALG,3214,368
USNYC,GBLGP,3296,712
USNYC,GBSOU,3160,556
USNYC,NLRTM,3381,877
USNYC,SGSIN,12416,243
USNYC,THLCH,13141,243
USNYC,USBAL,410,410
USNYC,USBOS,358,358
USNYC,USCHS,580,580
USNYC,USJAX,791,791
USNYC,USMIA,966,582
USNYC,USORF,212,212
USNYC,USPEF,938,938
USNYC,USPHL,120,120
USNYC,USSAV,641,641
USOAK,CAVAN,770,770
USOAK,CNNBO,5430,306
USOAK,CNNGB,5430,306
USOAK,CNSHA,5430,306
USOAK,CNSHG,5373,306
USOAK,CNTAO,5421,306
USOAK,CNXMN,5841,306
USOAK,CNYTN,6089,306
USOAK,HKHKG,6091,306
USOAK,JPNGO,4672,306
USOAK,JPSMZ,4587,306
USOAK,JPTYO,4545,306
USOAK,JPUKB,4845,306
USOAK,JPYOK,4552,306
USOAK,KRPUS,4927,306
USOAK,PABLB,3276,440
USOAK,PAPCA,3294,440
USOAK,PAPCN,3294,440
USOAK,PAROD,3243,461
USOAK,SGSIN,7356,306
USOAK,TWKEL,5629,306
USOAK,TWKHH,5860,306
USOAK,USLAX,327,327
USOAK,USLGB,329,329
USOAK,USSEA,753,753
USOAK,USTIW,774,774
USORF,BEANR,3539,605
USORF,CAHAL,752,752
USORF,COCNR,1657,260
USORF,DEBRV,3726,819
USORF,EGSCA,5327,225
USORF,EGSUZ,5327,225
USORF,ESALG,3348,229
USORF,FRLEH,3302,436
USORF,GBLGP,3441,566
USORF,GBSOU,3253,387
USORF,KRPUS,14735,290
USORF,NLRTM,3497,631
USORF,PAMIT,1783,290
USORF,PAPCA,1826,0
USORF,PAPCN,1826,290
USORF,SGSIN,12378,225
USORF,THLCH,13139,230
USORF,TWKHH,13278,225
USORF,USBAL,172,172
USORF,USCHS,403,403
USORF,USILM,301,301
USORF,USJAX,583,583
USORF,USMIA,877,877
USORF,USNYC,212,212
USORF,USPHL,164,164
USORF,USSAV,464,464
USPEF,COCNR,1097,20
USPEF,PAPCA,1258,30
USPEF,USHOU,961,961
USPEF,USSAV,355,355
USPHL,USNYC,136,136
USPHL,USORF,143,143
USSAV,BEANR,3737,815
USSAV,CNYTN,13757,206
USSAV,COCNR,1340,256
USSAV,COCTG,1340,256
USSAV,COSPC,1340,256
USSAV,DEBRV,4090,994
USSAV,EGSCA,5648,260
USSAV,ESALG,3699,260
USSAV,FRLEH,3825,686
USSAV,GBLGP,3779,826
USSAV,GBSOU,3723,670
USSAV,ITLIV,4564,405
USSAV,ITSAL,4682,405
USSAV,KRPUS,14965,200
USSAV,MATNG,3665,405
USSAV,NLRTM,3865,804
USSAV,PAMIT,1534,205
USSAV,PAPCA,1560,0
USSAV,PAPCN,1560,205
USSAV,SGSIN,12447,206
USSAV,TWKHH,14082,206
USSAV,USCHS,68,68
USSAV,USHOU,1303,1303
USSAV,USILM,174,174
USSAV,USJAX,98,98
USSAV,USMIA,369,369
USSAV,USNYC,641,641
USSAV,USORF,464,464
USSAV,USPEF,361,361
USSEA,CAVAN,1,1
USSEA,HKHKG,5723,458
USSEA,JPTYO,4208,458
USSEA,KRKAN,4643,458
USSEA,KRPUS,4554,458
USSEA,USLAX,1087,1171
USSEA,USOAK,753,753
USSEA,USTIW,1,1
USTIW,CAPRR,557,557
USTIW,CAVAN,1,1
USTIW,CNSHA,5114,458
USTIW,CNXMN,5501,458
USTIW,HKHKG,5648,458
USTIW,JPTYO,4223,458
USTIW,JPUKB,4554,458
USTIW,KRKAN,4706,458
USTIW,KRPUS,4569,458
USTIW,PABLB,4045,370
USTIW,SGSIN,7053,458
USTIW,TWKHH,5509,458
USTIW,USLAX,1099,1099
USTIW,USOAK,768,768
VNCMP,CNSHA,1546,0
VNCMP,CNSHG,1629,0
VNCMP,CNTAO,1945,0
VNCMP,CNXMN,1095,0
VNCMP,CNYTN,918,0
VNCMP,CNZOS,1501,0
VNCMP,HKHKG,865,0
VNCMP,KRPUS,1925,0
VNCMP,LKCMB,2395,0
VNCMP,SGSIN,578,0
VNCMP,THLCH,659,0
VNCMP,TWKHH,1070,0
VNCMP,USLAX,7135,373
VNCMP,USLGB,7135,373
VNCMP,VNHPH,783,0
VNHPH,CNXMN,902,0
VNHPH,CNYTN,672,0
VNHPH,HKHKG,464,0
VNHPH,TWKHH,927,0
VNVUT,CNSHG,1629,0
VNVUT,CNTAO,1945,0
VNVUT,CNXMN,1095,0
VNVUT,CNYTN,918,0
VNVUT,CNZOS,1501,0
VNVUT,HKHKG,865,0
VNVUT,KRPUS,1925,0
VNVUT,SGSIN,578,0
VNVUT,THLCH,659,0
VNVUT,TWKHH,1070,0
VNVUT,USLAX,7135,373
VNVUT,USLGB,7135,373
VNVUT,VNHPH,783,0
ZAZBA,SGSIN,5267,0
DEHAME,EGSUZ,3620,632
EGSUZ,DEHAME,3620,632
