"base_year_month","trade_code","lane_code","bunker_type","bunker_price"
"202501",MET,MD1,LSFO,543.840
"202501",MET,MD2,LSFO,547.260
"202501",MET,MD3,LSFO,558.375
"202501",MET,MD4,LSFO,583.050
"202501",MET,MD5,LSFO,583.050
"202501",NET,FE2,LSFO,517.100
"202501",NET,FE3,LSFO,517.100
"202501",NET,FE4,LSFO,529.346
"202501",NET,FP1,LSFO,520.800
"202501",TAT,AL2,LSFO,506.000
"202501",TAT,AL3,LSFO,506.000
"202501",TAT,AL4,LSFO,506.000
"202501",TAT,AL5,LSFO,534.271
"202501",TAT,AL6,LSFO,564.981
"202501",TPT,EC1,LSFO,580.503
"202501",TPT,EC2,LSFO,592.997
"202501",TPT,EC4,LSFO,600.841
"202501",MET,MS2,LSFO,583.050
"202501",TPT,EC3,LSFO,540.956
"202501",TAT,AT1,LSFO,542.000
"202501",TAT,AT2,LSFO,542.000
"202501",TAT,AT3,LSFO,542.000
"202501",TAT,AT4,LSFO,542.000
"202501",TPT,EC5,LSFO,557.881
"202501",TPT,EC6,LSFO,574.357
"202501",TPT,FP1,LSFO,520.800
"202501",TPT,MS2,LSFO,583.050
"202501",TPT,PN1,LSFO,583.929
"202501",TPT,PN2,LSFO,565.172
"202501",TPT,PN3,LSFO,583.986
"202501",TPT,PN4,LSFO,589.664
"202501",TPT,PS3,LSFO,560.171
"202501",TPT,PS4,LSFO,582.121
"202501",TPT,PS5,LSFO,980.650
"202501",TPT,PS6,LSFO,578.672
"202501",TPT,PS7,LSFO,560.171
"202501",WAT,AG1,LSFO,350.182
"202501",WAT,AG2,LSFO,543.000
"202501",WAT,AG3,LSFO,543.000
"202501",MET,MD1,MGO,673.250
"202501",MET,MD2,MGO,673.250
"202501",MET,MD3,MGO,673.250
"202501",MET,MD4,MGO,583.050
"202501",MET,MD5,MGO,583.050
"202501",MET,MS2,MGO,583.050
"202501",NET,FE2,MGO,654.630
"202501",NET,FE3,MGO,654.630
"202501",NET,FE4,MGO,658.451
"202501",NET,FP1,MGO,654.630
"202501",TAT,AL2,MGO,646.650
"202501",TAT,AL3,MGO,646.650
"202501",TAT,AL4,MGO,646.650
"202501",TAT,AL5,MGO,661.287
"202501",TAT,AL6,MGO,709.524
"202501",TAT,AT1,MGO,690.000
"202501",TAT,AT2,MGO,690.000
"202501",TAT,AT3,MGO,690.000
"202501",TAT,AT4,MGO,690.000
"202501",TPT,EC1,MGO,685.988
"202501",TPT,EC2,MGO,685.988
"202501",TPT,EC3,MGO,617.455
"202501",TPT,EC4,MGO,779.670
"202501",TPT,EC5,MGO,684.132
"202501",TPT,EC6,MGO,685.988
"202501",TPT,FP1,MGO,654.630
"202501",TPT,MS2,MGO,583.050
"202501",TPT,PN1,MGO,687.048
"202501",TPT,PN2,MGO,673.250
"202501",TPT,PN3,MGO,685.988
"202501",TPT,PN4,MGO,685.988
"202501",TPT,PS3,MGO,673.250
"202501",TPT,PS4,MGO,719.833
"202501",TPT,PS5,MGO,679.535
"202501",TPT,PS6,MGO,687.048
"202501",TPT,PS7,MGO,673.250
"202501",WAT,AG1,MGO,310.591
"202501",WAT,AG2,MGO,673.250
"202501",WAT,AG3,MGO,673.250
"202502",MET,MD1,LSFO,581.180
"202502",MET,MD2,LSFO,588.187
"202502",MET,MD3,LSFO,596.344
"202502",MET,MD4,LSFO,567.850
"202502",MET,MD5,LSFO,567.850
"202502",MET,MS2,LSFO,567.850
"202502",NET,FE2,LSFO,554.665
"202502",NET,FE3,LSFO,554.665
"202502",NET,FE4,LSFO,559.116
"202502",NET,FP1,LSFO,558.720
"202502",TAT,AL2,LSFO,542.500
"202502",TAT,AL3,LSFO,542.500
"202502",TAT,AL4,LSFO,542.500
"202502",TAT,AL5,LSFO,575.336
"202502",TAT,AL6,LSFO,593.872
"202502",TAT,AT1,LSFO,542.000
"202502",TAT,AT2,LSFO,542.000
"202502",TAT,AT3,LSFO,542.000
"202502",TAT,AT4,LSFO,542.000
"202502",TPT,EC1,LSFO,594.793
"202502",TPT,EC2,LSFO,607.361
"202502",TPT,EC3,LSFO,540.956
"202502",TPT,EC4,LSFO,600.841
"202502",TPT,EC5,LSFO,585.311
"202502",TPT,EC6,LSFO,589.713
"202502",TPT,FP1,LSFO,558.720
"202502",TPT,MS2,LSFO,567.850
"202502",TPT,PN1,LSFO,614.672
"202502",TPT,PN2,LSFO,609.087
"202502",TPT,PN3,LSFO,613.085
"202502",TPT,PN4,LSFO,617.990
"202502",TPT,PS3,LSFO,603.721
"202502",TPT,PS4,LSFO,608.385
"202502",TPT,PS5,LSFO,980.650
"202502",TPT,PS6,LSFO,602.426
"202502",TPT,PS7,LSFO,603.721
"202502",WAT,AG1,LSFO,350.182
"202502",WAT,AG2,LSFO,583.050
"202502",WAT,AG3,LSFO,583.050
"202502",MET,MD1,MGO,720.863
"202502",MET,MD2,MGO,720.863
"202502",MET,MD3,MGO,720.863
"202502",MET,MD4,MGO,567.850
"202502",MET,MD5,MGO,567.850
"202502",MET,MS2,MGO,567.850
"202502",NET,FE2,MGO,699.259
"202502",NET,FE3,MGO,699.259
"202502",NET,FE4,MGO,708.776
"202502",NET,FP1,MGO,699.259
"202502",TAT,AL2,MGO,690.000
"202502",TAT,AL3,MGO,690.000
"202502",TAT,AL4,MGO,690.000
"202502",TAT,AL5,MGO,710.271
"202502",TAT,AL6,MGO,773.810
"202502",TAT,AT1,MGO,690.000
"202502",TAT,AT2,MGO,690.000
"202502",TAT,AT3,MGO,690.000
"202502",TAT,AT4,MGO,690.000
"202502",TPT,EC1,MGO,752.588
"202502",TPT,EC2,MGO,752.588
"202502",TPT,EC3,MGO,617.455
"202502",TPT,EC4,MGO,779.670
"202502",TPT,EC5,MGO,736.747
"202502",TPT,EC6,MGO,752.588
"202502",TPT,FP1,MGO,699.259
"202502",TPT,FP2,MGO,1064.096
"202502",NET,FP2,LSFO,738.391
"202502",TPT,FP2,LSFO,738.391
"202502",NET,FP2,MGO,1064.096
"202502",TPT,MS2,MGO,567.850
"202502",TPT,PN1,MGO,728.900
"202502",TPT,PN2,MGO,720.863
"202502",TPT,PN3,MGO,752.588
"202502",TPT,PN4,MGO,752.588
"202502",TPT,PS3,MGO,720.863
"202502",TPT,PS4,MGO,791.357
"202502",TPT,PS5,MGO,679.535
"202502",TPT,PS6,MGO,728.900
"202502",TPT,PS7,MGO,720.863
"202502",WAT,AG1,MGO,310.591
"202502",WAT,AG2,MGO,720.863
"202502",WAT,AG3,MGO,720.863
"202503",MET,MD1,LSFO,560.865
"202503",MET,MD2,LSFO,567.060
"202503",MET,MD3,LSFO,577.305
"202503",NET,FE2,LSFO,543.905
"202503",NET,FE3,LSFO,543.905
"202503",NET,FE4,LSFO,553.055
"202503",NET,FP1,LSFO,546.240
"202503",NET,FP2,LSFO,738.391
"202503",MET,MD4,LSFO,567.850
"202503",MET,MD5,LSFO,567.850
"202503",MET,MS2,LSFO,567.850
"202503",TAT,AL2,LSFO,536.900
"202503",TAT,AL3,LSFO,536.900
"202503",TAT,AL4,LSFO,536.900
"202503",TAT,AL5,LSFO,565.256
"202503",TAT,AL6,LSFO,577.002
"202503",TAT,AT1,LSFO,542.000
"202503",TAT,AT2,LSFO,542.000
"202503",TAT,AT3,LSFO,542.000
"202503",TAT,AT4,LSFO,542.000
"202503",TPT,EC1,LSFO,584.841
"202503",TPT,EC2,LSFO,596.471
"202503",TPT,EC3,LSFO,540.956
"202503",TPT,EC4,LSFO,600.841
"202503",TPT,EC5,LSFO,565.652
"202503",TPT,EC6,LSFO,574.150
"202503",TPT,FP1,LSFO,546.240
"202503",TPT,FP2,LSFO,738.391
"202503",TPT,MS2,LSFO,567.850
"202503",TPT,PN1,LSFO,600.140
"202503",TPT,PN2,LSFO,593.982
"202503",TPT,PN3,LSFO,602.322
"202503",TPT,PN4,LSFO,612.282
"202503",TPT,PS3,LSFO,581.601
"202503",TPT,PS4,LSFO,591.331
"202503",TPT,PS5,LSFO,980.650
"202503",TPT,PS6,LSFO,578.416
"202503",TPT,PS7,LSFO,581.601
"202503",WAT,AG1,LSFO,350.182
"202503",WAT,AG2,LSFO,560.250
"202503",WAT,AG3,LSFO,560.250
"202503",MET,MD2,MGO,688.800
"202503",MET,MD3,MGO,688.800
"202503",MET,MD4,MGO,567.850
"202503",MET,MD5,MGO,567.850
"202503",MET,MS2,MGO,567.850
"202503",NET,FE2,MGO,678.510
"202503",NET,FE3,MGO,678.510
"202503",NET,FP1,MGO,678.510
"202503",NET,FP2,MGO,1064.096
"202503",TAT,AL2,MGO,674.100
"202503",TAT,AL3,MGO,674.100
"202503",TAT,AL4,MGO,674.100
"202503",TAT,AL5,MGO,695.380
"202503",TAT,AL6,MGO,783.211
"202503",TAT,AT1,MGO,690.000
"202503",TAT,AT2,MGO,690.000
"202503",TAT,AT3,MGO,690.000
"202503",TAT,AT4,MGO,690.000
"202503",TPT,EC1,MGO,717.063
"202503",TPT,EC2,MGO,717.063
"202503",TPT,EC3,MGO,617.455
"202503",TPT,EC4,MGO,779.670
"202503",TPT,EC5,MGO,717.123
"202503",TPT,EC6,MGO,717.063
"202503",TPT,FP1,MGO,678.510
"202503",TPT,FP2,MGO,1064.096
"202503",TPT,MS2,MGO,567.850
"202503",TPT,PN2,MGO,688.800
"202503",TPT,PN3,MGO,717.063
"202503",TPT,PN4,MGO,717.063
"202503",TPT,PS3,MGO,688.800
"202503",TPT,PS4,MGO,780.500
"202503",TPT,PS5,MGO,679.535
"202503",TPT,PS6,MGO,707.000
"202503",TPT,PS7,MGO,688.800
"202503",WAT,AG1,MGO,310.591
"202503",WAT,AG2,MGO,688.800
"202503",WAT,AG3,MGO,688.800
"202504",MET,MD1,LSFO,560.865
"202503",MET,MD1,MGO,688.800
"202503",NET,FE4,MGO,686.989
"202503",TPT,PN1,MGO,707.000
"202504",MET,MD2,LSFO,567.060
"202504",MET,MD3,LSFO,577.305
"202504",MET,MD4,LSFO,567.850
"202504",MET,MD5,LSFO,567.850
"202504",MET,MS2,LSFO,567.850
"202504",NET,FE2,LSFO,543.905
"202504",NET,FE3,LSFO,543.905
"202504",NET,FE4,LSFO,553.055
"202504",NET,FP1,LSFO,546.240
"202504",NET,FP2,LSFO,738.391
"202504",TAT,AL2,LSFO,536.900
"202504",TAT,AL3,LSFO,536.900
"202504",TAT,AL4,LSFO,536.900
"202504",TAT,AL5,LSFO,565.256
"202504",TAT,AL6,LSFO,577.002
"202504",TAT,AT1,LSFO,542.000
"202504",TAT,AT2,LSFO,542.000
"202504",TAT,AT3,LSFO,542.000
"202504",TAT,AT4,LSFO,542.000
"202504",TPT,EC1,LSFO,584.841
"202504",TPT,EC2,LSFO,596.471
"202504",TPT,EC3,LSFO,540.956
"202504",TPT,EC4,LSFO,600.841
"202504",TPT,EC5,LSFO,565.652
"202504",TPT,EC6,LSFO,574.150
"202504",TPT,FP1,LSFO,546.240
"202504",TPT,FP2,LSFO,738.391
"202504",TPT,MS2,LSFO,567.850
"202504",TPT,PN1,LSFO,600.140
"202504",TPT,PN2,LSFO,593.982
"202504",TPT,PN3,LSFO,602.322
"202504",TPT,PN4,LSFO,612.282
"202504",TPT,PS3,LSFO,581.601
"202504",TPT,PS4,LSFO,591.331
"202504",TPT,PS5,LSFO,980.650
"202504",TPT,PS6,LSFO,578.416
"202504",TPT,PS7,LSFO,581.601
"202504",WAT,AG1,LSFO,350.182
"202504",WAT,AG2,LSFO,560.250
"202504",WAT,AG3,LSFO,560.250
"202504",MET,MD1,MGO,688.800
"202504",MET,MD2,MGO,688.800
"202504",MET,MD3,MGO,688.800
"202504",MET,MD4,MGO,567.850
"202504",MET,MD5,MGO,567.850
"202504",MET,MS2,MGO,567.850
"202504",NET,FE2,MGO,678.510
"202504",NET,FE3,MGO,678.510
"202504",NET,FE4,MGO,686.989
"202504",NET,FP1,MGO,678.510
"202504",NET,FP2,MGO,1064.096
"202504",TAT,AL2,MGO,674.100
"202504",TAT,AL3,MGO,674.100
"202504",TAT,AL4,MGO,674.100
"202504",TAT,AL5,MGO,695.380
"202504",TAT,AL6,MGO,783.211
"202504",TAT,AT1,MGO,690.000
"202504",TAT,AT2,MGO,690.000
"202504",TAT,AT3,MGO,690.000
"202504",TAT,AT4,MGO,690.000
"202504",TPT,EC1,MGO,717.063
"202504",TPT,EC2,MGO,717.063
"202504",TPT,EC3,MGO,617.455
"202504",TPT,EC4,MGO,779.670
"202504",TPT,EC5,MGO,717.123
"202504",TPT,EC6,MGO,717.063
"202504",TPT,FP1,MGO,678.510
"202504",TPT,FP2,MGO,1064.096
"202504",TPT,MS2,MGO,567.850
"202504",TPT,PN1,MGO,707.000
"202504",TPT,PN2,MGO,688.800
"202504",TPT,PN3,MGO,717.063
"202504",TPT,PN4,MGO,717.063
"202504",TPT,PS3,MGO,688.800
"202504",TPT,PS4,MGO,780.500
"202504",TPT,PS5,MGO,679.535
"202504",TPT,PS6,MGO,707.000
"202504",TPT,PS7,MGO,688.800
"202504",WAT,AG1,MGO,310.591
"202504",WAT,AG2,MGO,688.800
"202504",WAT,AG3,MGO,688.800
"202505",MET,MD4,LSFO,567.850
"202505",MET,MD5,LSFO,567.850
"202505",MET,MS2,LSFO,567.850
"202505",NET,FE2,LSFO,497.595
"202505",MET,MD1,LSFO,513.198
"202505",MET,MD2,LSFO,519.089
"202505",MET,MD3,LSFO,527.655
"202505",NET,FE3,LSFO,497.595
"202505",NET,FE4,LSFO,513.176
"202505",NET,FP1,LSFO,499.174
"202505",NET,FP2,LSFO,738.391
"202505",TAT,AL2,LSFO,492.857
"202505",TAT,AL3,LSFO,492.857
"202505",TAT,AL4,LSFO,536.900
"202505",TAT,AL5,LSFO,529.800
"202505",TAT,AL6,LSFO,577.002
"202505",TAT,AT1,LSFO,542.000
"202505",TAT,AT2,LSFO,542.000
"202505",TAT,AT3,LSFO,542.000
"202505",TAT,AT4,LSFO,542.000
"202505",TPT,EC1,LSFO,554.740
"202505",TPT,EC2,LSFO,573.534
"202505",TPT,EC3,LSFO,540.956
"202505",TPT,EC4,LSFO,600.841
"202505",TPT,EC5,LSFO,524.873
"202505",TPT,EC6,LSFO,517.800
"202505",TPT,FP1,LSFO,499.174
"202505",TPT,FP2,LSFO,738.391
"202505",TPT,MS2,LSFO,567.850
"202505",TPT,PN1,LSFO,548.395
"202505",TPT,PN2,LSFO,543.266
"202505",TPT,PN3,LSFO,548.756
"202505",TPT,PN4,LSFO,574.429
"202505",TPT,PS3,LSFO,540.855
"202505",TPT,PS4,LSFO,547.260
"202505",TPT,PS5,LSFO,980.650
"202505",TPT,PS6,LSFO,535.920
"202505",TPT,PS7,LSFO,540.855
"202505",WAT,AG1,LSFO,350.182
"202505",WAT,AG2,LSFO,508.650
"202505",WAT,AG3,LSFO,508.650
"202505",MET,MD1,MGO,645.138
"202505",MET,MD2,MGO,645.138
"202505",MET,MD3,MGO,645.138
"202505",MET,MD4,MGO,567.850
"202505",MET,MD5,MGO,567.850
"202505",MET,MS2,MGO,567.850
"202505",NET,FE2,MGO,637.975
"202505",NET,FE3,MGO,637.975
"202505",NET,FE4,MGO,649.660
"202505",NET,FP1,MGO,637.975
"202505",NET,FP2,MGO,1064.096
"202505",TAT,AL2,MGO,634.905
"202505",TAT,AL3,MGO,634.905
"202505",TAT,AL5,MGO,650.824
"202505",TAT,AT1,MGO,690.000
"202505",TAT,AT2,MGO,690.000
"202505",TAT,AT3,MGO,690.000
"202505",TAT,AT4,MGO,690.000
"202505",TPT,EC1,MGO,684.088
"202505",TPT,EC2,MGO,684.088
"202505",TPT,EC3,MGO,617.455
"202505",TPT,EC4,MGO,779.670
"202505",TPT,EC5,MGO,667.840
"202505",TPT,EC6,MGO,684.088
"202505",TPT,FP1,MGO,637.975
"202505",TPT,FP2,MGO,1064.096
"202505",TPT,MS2,MGO,567.850
"202505",TPT,PN1,MGO,673.000
"202505",TPT,PN2,MGO,645.138
"202505",TPT,PN3,MGO,684.088
"202505",TPT,PN4,MGO,684.088
"202505",TPT,PS3,MGO,645.138
"202505",TPT,PS4,MGO,714.500
"202505",TPT,PS5,MGO,679.535
"202505",TPT,PS6,MGO,673.000
"202505",TPT,PS7,MGO,645.138
"202505",WAT,AG1,MGO,310.591
"202505",WAT,AG2,MGO,645.138
"202505",WAT,AG3,MGO,645.138
"202506",MET,MD4,LSFO,567.850
"202506",MET,MD5,LSFO,567.850
"202506",MET,MS2,LSFO,567.850
"202506",NET,FE2,LSFO,467.846
"202505",TAT,AL4,MGO,674.100
"202505",TAT,AL6,MGO,783.211
"202506",MET,MD1,LSFO,493.298
"202506",MET,MD2,LSFO,498.908
"202506",MET,MD3,LSFO,517.013
"202506",NET,FE3,LSFO,467.846
"202506",NET,FE4,LSFO,482.246
"202506",NET,FP1,LSFO,471.528
"202506",NET,FP2,LSFO,738.391
"202506",TAT,AL2,LSFO,492.857
"202506",TAT,AL3,LSFO,492.857
"202506",TAT,AL4,LSFO,536.900
"202506",TAT,AL5,LSFO,487.217
"202506",TAT,AL6,LSFO,577.002
"202506",TAT,AT1,LSFO,542.000
"202506",TAT,AT2,LSFO,542.000
"202506",TAT,AT3,LSFO,542.000
"202506",TAT,AT4,LSFO,542.000
"202506",TPT,EC1,LSFO,531.848
"202506",TPT,EC2,LSFO,560.133
"202506",TPT,EC3,LSFO,540.956
"202506",TPT,EC4,LSFO,600.841
"202506",TPT,EC5,LSFO,501.334
"202506",TPT,EC6,LSFO,515.190
"202506",TPT,FP1,LSFO,499.174
"202506",TPT,FP2,LSFO,738.391
"202506",TPT,MS2,LSFO,567.850
"202506",TPT,PN1,LSFO,548.395
"202506",TPT,PN2,LSFO,543.266
"202506",TPT,PN3,LSFO,548.756
"202506",TPT,PN4,LSFO,574.429
"202506",TPT,PS3,LSFO,540.855
"202506",TPT,PS4,LSFO,547.260
"202506",TPT,PS5,LSFO,980.650
"202506",TPT,PS6,LSFO,535.920
"202506",TPT,PS7,LSFO,512.990
"202506",WAT,AG1,LSFO,350.182
"202506",WAT,AG2,LSFO,508.650
"202506",WAT,AG3,LSFO,508.650
"202506",MET,MD1,MGO,616.012
"202506",MET,MD2,MGO,616.012
"202506",MET,MD3,MGO,616.012
"202506",MET,MD4,MGO,567.850
"202506",MET,MD5,MGO,567.850
"202506",MET,MS2,MGO,567.850
"202506",NET,FE2,MGO,618.244
"202506",NET,FE3,MGO,618.244
"202506",NET,FE4,MGO,628.204
"202506",NET,FP1,MGO,618.244
"202506",NET,FP2,MGO,1064.096
"202506",TAT,AL2,MGO,634.905
"202506",TAT,AL3,MGO,634.905
"202506",TAT,AL4,MGO,674.100
"202506",TAT,AL5,MGO,636.993
"202506",TAT,AL6,MGO,783.211
"202506",TAT,AT1,MGO,690.000
"202506",TAT,AT2,MGO,690.000
"202506",TAT,AT3,MGO,690.000
"202506",TAT,AT4,MGO,690.000
"202506",TPT,EC1,MGO,649.214
"202506",TPT,EC2,MGO,649.214
"202506",TPT,EC3,MGO,617.455
"202506",TPT,EC4,MGO,779.670
"202506",TPT,EC5,MGO,633.851
"202506",TPT,EC6,MGO,649.214
"202506",TPT,FP1,MGO,637.975
"202506",TPT,FP2,MGO,1064.096
"202506",TPT,MS2,MGO,567.850
"202506",TPT,PN1,MGO,673.000
"202506",TPT,PN2,MGO,645.138
"202506",TPT,PN3,MGO,684.088
"202506",TPT,PN4,MGO,684.088
"202506",TPT,PS3,MGO,645.138
"202506",TPT,PS4,MGO,714.500
"202506",TPT,PS5,MGO,679.535
"202506",TPT,PS6,MGO,673.000
"202506",TPT,PS7,MGO,616.012
"202506",WAT,AG1,MGO,310.591
"202506",WAT,AG2,MGO,645.138
"202506",WAT,AG3,MGO,645.138
"202507",MET,MD1,LSFO,493.298
"202507",MET,MD2,LSFO,498.908
"202507",MET,MD3,LSFO,517.013
"202507",MET,MD4,LSFO,567.850
"202507",MET,MD5,LSFO,567.850
"202507",MET,MS2,LSFO,567.850
"202507",NET,FE2,LSFO,467.846
"202507",NET,FE3,LSFO,467.846
"202507",NET,FE4,LSFO,482.246
"202507",NET,FP1,LSFO,471.528
"202507",NET,FP2,LSFO,738.391
"202507",TAT,AL2,LSFO,492.857
"202507",TAT,AL3,LSFO,492.857
"202507",TAT,AL4,LSFO,536.900
"202507",TAT,AL5,LSFO,487.217
"202507",TAT,AL6,LSFO,577.002
"202507",TAT,AT1,LSFO,542.000
"202507",TAT,AT2,LSFO,542.000
"202507",TAT,AT3,LSFO,542.000
"202507",TAT,AT4,LSFO,542.000
"202507",TPT,EC1,LSFO,531.848
"202507",TPT,EC2,LSFO,560.133
"202507",TPT,EC3,LSFO,540.956
"202507",TPT,EC4,LSFO,600.841
"202507",TPT,EC5,LSFO,501.334
"202507",TPT,EC6,LSFO,515.190
"202507",TPT,FP1,LSFO,499.174
"202507",TPT,FP2,LSFO,738.391
"202507",TPT,MS2,LSFO,567.850
"202507",TPT,PN1,LSFO,548.395
"202507",TPT,PN2,LSFO,543.266
"202507",TPT,PN3,LSFO,548.756
"202507",TPT,PN4,LSFO,574.429
"202507",TPT,PS3,LSFO,540.855
"202507",TPT,PS4,LSFO,547.260
"202507",TPT,PS5,LSFO,980.650
"202507",TPT,PS6,LSFO,535.920
"202507",TPT,PS7,LSFO,512.990
"202507",WAT,AG1,LSFO,350.182
"202507",WAT,AG2,LSFO,508.650
"202507",WAT,AG3,LSFO,508.650
"202507",MET,MD1,MGO,616.012
"202507",MET,MD2,MGO,616.012
"202507",MET,MD3,MGO,616.012
"202507",MET,MD4,MGO,567.850
"202507",MET,MD5,MGO,567.850
"202507",MET,MS2,MGO,567.850
"202507",NET,FE2,MGO,618.244
"202507",NET,FE3,MGO,618.244
"202507",NET,FE4,MGO,628.204
"202507",NET,FP1,MGO,618.244
"202507",NET,FP2,MGO,1064.096
"202507",TAT,AL2,MGO,634.905
"202507",TAT,AL3,MGO,634.905
"202507",TAT,AL4,MGO,674.100
"202507",TAT,AL5,MGO,636.993
"202507",TAT,AL6,MGO,783.211
"202507",TAT,AT1,MGO,690.000
"202507",TAT,AT2,MGO,690.000
"202507",TAT,AT3,MGO,690.000
"202507",TAT,AT4,MGO,690.000
"202507",TPT,EC1,MGO,649.214
"202507",TPT,EC2,MGO,649.214
"202507",TPT,EC3,MGO,617.455
"202507",TPT,EC4,MGO,779.670
"202507",TPT,EC5,MGO,633.851
"202507",TPT,EC6,MGO,649.214
"202507",TPT,FP1,MGO,637.975
"202507",TPT,FP2,MGO,1064.096
"202507",TPT,MS2,MGO,567.850
"202507",TPT,PN1,MGO,673.000
"202507",TPT,PN2,MGO,645.138
"202507",TPT,PN3,MGO,684.088
"202507",TPT,PN4,MGO,684.088
"202507",TPT,PS3,MGO,645.138
"202507",TPT,PS4,MGO,714.500
"202507",TPT,PS5,MGO,679.535
"202507",TPT,PS6,MGO,673.000
"202507",TPT,PS7,MGO,616.012
"202507",WAT,AG1,MGO,310.591
"202507",WAT,AG2,MGO,645.138
"202507",WAT,AG3,MGO,645.138
"202508",MET,MD1,LSFO,493.298
"202508",MET,MD2,LSFO,498.908
"202508",MET,MD3,LSFO,517.013
"202508",MET,MD4,LSFO,567.850
"202508",MET,MD5,LSFO,567.850
"202508",MET,MS2,LSFO,567.850
"202508",NET,FE2,LSFO,467.846
"202508",NET,FE3,LSFO,467.846
"202508",NET,FE4,LSFO,482.246
"202508",NET,FP1,LSFO,471.528
"202508",NET,FP2,LSFO,738.391
"202508",TAT,AL2,LSFO,492.857
"202508",TAT,AL3,LSFO,492.857
"202508",TAT,AL4,LSFO,536.900
"202508",TAT,AL5,LSFO,487.217
"202508",TAT,AL6,LSFO,577.002
"202508",TAT,AT1,LSFO,542.000
"202508",TAT,AT2,LSFO,542.000
"202508",TAT,AT3,LSFO,542.000
"202508",TAT,AT4,LSFO,542.000
"202508",TPT,EC1,LSFO,531.848
"202508",TPT,EC2,LSFO,560.133
"202508",TPT,EC3,LSFO,540.956
"202508",TPT,EC4,LSFO,600.841
"202508",TPT,EC5,LSFO,501.334
"202508",TPT,EC6,LSFO,515.190
"202508",TPT,FP1,LSFO,499.174
"202508",TPT,FP2,LSFO,738.391
"202508",TPT,MS2,LSFO,567.850
"202508",TPT,PN1,LSFO,548.395
"202508",TPT,PN2,LSFO,543.266
"202508",TPT,PN3,LSFO,548.756
"202508",TPT,PN4,LSFO,574.429
"202508",TPT,PS3,LSFO,540.855
"202508",TPT,PS4,LSFO,547.260
"202508",TPT,PS5,LSFO,980.650
"202508",TPT,PS6,LSFO,535.920
"202508",TPT,PS7,LSFO,512.990
"202508",WAT,AG1,LSFO,350.182
"202508",WAT,AG2,LSFO,508.650
"202508",WAT,AG3,LSFO,508.650
"202508",MET,MD1,MGO,616.012
"202508",MET,MD2,MGO,616.012
"202508",MET,MD3,MGO,616.012
"202508",MET,MD4,MGO,567.850
"202508",MET,MD5,MGO,567.850
"202508",MET,MS2,MGO,567.850
"202508",NET,FE2,MGO,618.244
"202508",NET,FE3,MGO,618.244
"202508",NET,FE4,MGO,628.204
"202508",NET,FP1,MGO,618.244
"202508",NET,FP2,MGO,1064.096
"202508",TAT,AL2,MGO,634.905
"202508",TAT,AL3,MGO,634.905
"202508",TAT,AL4,MGO,674.100
"202508",TAT,AL5,MGO,636.993
"202508",TAT,AL6,MGO,783.211
"202508",TAT,AT1,MGO,690.000
"202508",TAT,AT2,MGO,690.000
"202508",TAT,AT3,MGO,690.000
"202508",TAT,AT4,MGO,690.000
"202508",TPT,EC1,MGO,649.214
"202508",TPT,EC2,MGO,649.214
"202508",TPT,EC3,MGO,617.455
"202508",TPT,EC4,MGO,779.670
"202508",TPT,EC5,MGO,633.851
"202508",TPT,EC6,MGO,649.214
"202508",TPT,FP1,MGO,637.975
"202508",TPT,FP2,MGO,1064.096
"202508",TPT,MS2,MGO,567.850
"202508",TPT,PN1,MGO,673.000
"202508",TPT,PN2,MGO,645.138
"202508",TPT,PN3,MGO,684.088
"202508",TPT,PN4,MGO,684.088
"202508",TPT,PS3,MGO,645.138
"202508",TPT,PS4,MGO,714.500
"202508",TPT,PS5,MGO,679.535
"202508",TPT,PS6,MGO,673.000
"202508",TPT,PS7,MGO,616.012
"202508",WAT,AG1,MGO,310.591
"202508",WAT,AG2,MGO,645.138
"202508",WAT,AG3,MGO,645.138
"202509",MET,MD1,LSFO,493.298
"202509",MET,MD2,LSFO,498.908
"202509",MET,MD3,LSFO,517.013
"202509",MET,MD4,LSFO,567.850
"202509",MET,MD5,LSFO,567.850
"202509",MET,MS2,LSFO,567.850
"202509",NET,FE2,LSFO,467.846
"202509",NET,FE3,LSFO,467.846
"202509",NET,FE4,LSFO,482.246
"202509",NET,FP1,LSFO,471.528
"202509",NET,FP2,LSFO,738.391
"202509",TAT,AL2,LSFO,492.857
"202509",TAT,AL3,LSFO,492.857
"202509",TAT,AL4,LSFO,536.900
"202509",TAT,AL5,LSFO,487.217
"202509",TAT,AL6,LSFO,577.002
"202509",TAT,AT1,LSFO,542.000
"202509",TAT,AT2,LSFO,542.000
"202509",TAT,AT3,LSFO,542.000
"202509",TAT,AT4,LSFO,542.000
"202509",TPT,EC1,LSFO,531.848
"202509",TPT,EC2,LSFO,560.133
"202509",TPT,EC3,LSFO,540.956
"202509",TPT,EC4,LSFO,600.841
"202509",TPT,EC5,LSFO,501.334
"202509",TPT,EC6,LSFO,515.190
"202509",TPT,FP1,LSFO,499.174
"202509",TPT,FP2,LSFO,738.391
"202509",TPT,MS2,LSFO,567.850
"202509",TPT,PN1,LSFO,548.395
"202509",TPT,PN2,LSFO,543.266
"202509",TPT,PN3,LSFO,548.756
"202509",TPT,PS6,LSFO,535.920
"202509",TPT,GS2,LSFO,540.855
"202509",TPT,PN4,LSFO,574.429
"202509",TPT,PS3,LSFO,540.855
"202509",TPT,PS4,LSFO,547.260
"202509",TPT,PS5,LSFO,980.650
"202509",TPT,PS7,LSFO,512.990
"202509",WAT,AG1,LSFO,350.182
"202509",WAT,AG2,LSFO,508.650
"202509",WAT,AG3,LSFO,508.650
"202509",WAT,GS2,LSFO,540.855
"202509",MET,MD1,MGO,616.012
"202509",MET,MD2,MGO,616.012
"202509",MET,MD3,MGO,616.012
"202509",MET,MD4,MGO,567.850
"202509",MET,MD5,MGO,567.850
"202509",MET,MS2,MGO,567.850
"202509",NET,FE2,MGO,618.244
"202509",NET,FE3,MGO,618.244
"202509",NET,FE4,MGO,628.204
"202509",NET,FP1,MGO,618.244
"202509",NET,FP2,MGO,1064.096
"202509",TAT,AL2,MGO,634.905
"202509",TAT,AL3,MGO,634.905
"202509",TAT,AL4,MGO,674.100
"202509",TAT,AL5,MGO,636.993
"202509",TAT,AL6,MGO,783.211
"202509",TAT,AT1,MGO,690.000
"202509",TAT,AT2,MGO,690.000
"202509",TAT,AT3,MGO,690.000
"202509",TAT,AT4,MGO,690.000
"202509",TPT,EC1,MGO,649.214
"202509",TPT,EC2,MGO,649.214
"202509",TPT,EC3,MGO,617.455
"202509",TPT,EC4,MGO,779.670
"202509",TPT,EC5,MGO,633.851
"202509",TPT,EC6,MGO,649.214
"202509",TPT,FP1,MGO,637.975
"202509",TPT,GS2,MGO,645.138
"202509",TPT,PN2,MGO,645.138
"202509",TPT,FP2,MGO,1064.096
"202509",TPT,MS2,MGO,567.850
"202509",TPT,PN1,MGO,673.000
"202509",TPT,PN3,MGO,684.088
"202509",TPT,PN4,MGO,684.088
"202509",TPT,PS3,MGO,645.138
"202509",TPT,PS4,MGO,714.500
"202509",TPT,PS5,MGO,679.535
"202509",TPT,PS6,MGO,673.000
"202509",TPT,PS7,MGO,616.012
"202509",WAT,AG1,MGO,310.591
"202509",WAT,AG2,MGO,645.138
"202509",WAT,AG3,MGO,645.138
"202509",WAT,GS2,MGO,645.138
"202510",MET,MD1,LSFO,493.298
"202510",MET,MD2,LSFO,498.908
"202510",MET,MD3,LSFO,517.013
"202510",MET,MD4,LSFO,567.850
"202510",MET,MD5,LSFO,567.850
"202510",MET,MS2,LSFO,567.850
"202510",NET,FE2,LSFO,467.846
"202510",NET,FE3,LSFO,467.846
"202510",NET,FE4,LSFO,482.246
"202510",NET,FP1,LSFO,471.528
"202510",NET,FP2,LSFO,738.391
"202510",TAT,AL2,LSFO,492.857
"202510",TAT,AL3,LSFO,492.857
"202510",TAT,AL4,LSFO,536.900
"202510",TAT,AL5,LSFO,487.217
"202510",TAT,AL6,LSFO,577.002
"202510",TAT,AT1,LSFO,542.000
"202510",TAT,AT2,LSFO,542.000
"202510",TAT,AT3,LSFO,542.000
"202510",TAT,AT4,LSFO,542.000
"202510",TPT,EC1,LSFO,531.848
"202510",TPT,EC2,LSFO,560.133
"202510",TPT,EC3,LSFO,540.956
"202510",TPT,EC4,LSFO,600.841
"202510",TPT,EC5,LSFO,501.334
"202510",TPT,EC6,LSFO,515.190
"202510",TPT,FP1,LSFO,499.174
"202510",TPT,FP2,LSFO,738.391
"202510",TPT,GS2,LSFO,540.855
"202510",TPT,MS2,LSFO,567.850
"202510",TPT,PN1,LSFO,548.395
"202510",TPT,PN2,LSFO,543.266
"202510",TPT,PN3,LSFO,548.756
"202510",TPT,PN4,LSFO,574.429
"202510",TPT,PS3,LSFO,540.855
"202510",TPT,PS4,LSFO,547.260
"202510",TPT,PS5,LSFO,980.650
"202510",TPT,PS6,LSFO,535.920
"202510",TPT,PS7,LSFO,512.990
"202510",WAT,AG1,LSFO,350.182
"202510",WAT,AG2,LSFO,508.650
"202510",WAT,AG3,LSFO,508.650
"202510",WAT,GS2,LSFO,540.855
"202510",MET,MD1,MGO,616.012
"202510",MET,MD2,MGO,616.012
"202510",MET,MD3,MGO,616.012
"202510",MET,MD4,MGO,567.850
"202510",MET,MD5,MGO,567.850
"202510",MET,MS2,MGO,567.850
"202510",NET,FE2,MGO,618.244
"202510",NET,FE3,MGO,618.244
"202510",NET,FE4,MGO,628.204
"202510",NET,FP1,MGO,618.244
"202510",NET,FP2,MGO,1064.096
"202510",TAT,AL2,MGO,634.905
"202510",TAT,AL3,MGO,634.905
"202510",TAT,AL4,MGO,674.100
"202510",TAT,AL5,MGO,636.993
"202510",TAT,AL6,MGO,783.211
"202510",TAT,AT1,MGO,690.000
"202510",TAT,AT2,MGO,690.000
"202510",TAT,AT3,MGO,690.000
"202510",TAT,AT4,MGO,690.000
"202510",TPT,EC1,MGO,649.214
"202510",TPT,EC2,MGO,649.214
"202510",TPT,EC3,MGO,617.455
"202510",TPT,EC4,MGO,779.670
"202510",TPT,EC5,MGO,633.851
"202510",TPT,EC6,MGO,649.214
"202510",TPT,FP1,MGO,637.975
"202510",TPT,FP2,MGO,1064.096
"202510",TPT,GS2,MGO,645.138
"202510",TPT,MS2,MGO,567.850
"202510",TPT,PN1,MGO,673.000
"202510",TPT,PN2,MGO,645.138
"202510",TPT,PN3,MGO,684.088
"202510",TPT,PN4,MGO,684.088
"202510",TPT,PS3,MGO,645.138
"202510",TPT,PS4,MGO,714.500
"202510",TPT,PS5,MGO,679.535
"202510",TPT,PS6,MGO,673.000
"202510",TPT,PS7,MGO,616.012
"202510",WAT,AG1,MGO,310.591
"202510",WAT,AG2,MGO,645.138
"202510",WAT,AG3,MGO,645.138
"202510",WAT,GS2,MGO,645.138
"202511",MET,MD1,LSFO,493.298
"202511",MET,MD2,LSFO,498.908
"202511",MET,MD3,LSFO,517.013
"202511",MET,MD4,LSFO,567.850
"202511",MET,MD5,LSFO,567.850
"202511",MET,MS2,LSFO,567.850
"202511",NET,FE2,LSFO,467.846
"202511",NET,FE3,LSFO,467.846
"202511",NET,FE4,LSFO,482.246
"202511",NET,FP1,LSFO,471.528
"202511",NET,FP2,LSFO,738.391
"202511",TAT,AL5,LSFO,487.217
"202511",TAT,AL2,LSFO,492.857
"202511",TAT,AL3,LSFO,492.857
"202511",TAT,AL4,LSFO,536.900
"202511",TAT,AL6,LSFO,577.002
"202511",TAT,AT1,LSFO,542.000
"202511",TAT,AT2,LSFO,542.000
"202511",TAT,AT3,LSFO,542.000
"202511",TAT,AT4,LSFO,542.000
"202511",TPT,EC1,LSFO,531.848
"202511",TPT,EC2,LSFO,560.133
"202511",TPT,EC3,LSFO,540.956
"202511",TPT,EC4,LSFO,600.841
"202511",TPT,EC5,LSFO,501.334
"202511",TPT,EC6,LSFO,515.190
"202511",TPT,FP1,LSFO,499.174
"202511",TPT,FP2,LSFO,738.391
"202511",TPT,GS2,LSFO,540.855
"202511",TPT,MS2,LSFO,567.850
"202511",TPT,PN1,LSFO,548.395
"202511",TPT,PN2,LSFO,543.266
"202511",TPT,PN3,LSFO,548.756
"202511",TPT,PN4,LSFO,574.429
"202511",TPT,PS3,LSFO,540.855
"202511",TPT,PS4,LSFO,547.260
"202511",TPT,PS5,LSFO,980.650
"202511",TPT,PS6,LSFO,535.920
"202511",TPT,PS7,LSFO,512.990
"202511",WAT,AG1,LSFO,350.182
"202511",WAT,AG2,LSFO,508.650
"202511",WAT,AG3,LSFO,508.650
"202511",WAT,GS2,LSFO,540.855
"202511",MET,MD1,MGO,616.012
"202511",MET,MD2,MGO,616.012
"202511",MET,MD3,MGO,616.012
"202511",MET,MD4,MGO,567.850
"202511",MET,MD5,MGO,567.850
"202511",MET,MS2,MGO,567.850
"202511",NET,FE2,MGO,618.244
"202511",NET,FE3,MGO,618.244
"202511",NET,FE4,MGO,628.204
"202511",NET,FP1,MGO,618.244
"202511",NET,FP2,MGO,1064.096
"202511",TAT,AL2,MGO,634.905
"202511",TAT,AL3,MGO,634.905
"202511",TAT,AL4,MGO,674.100
"202511",TAT,AL5,MGO,636.993
"202511",TAT,AL6,MGO,783.211
"202511",TAT,AT1,MGO,690.000
"202511",TAT,AT2,MGO,690.000
"202511",TAT,AT3,MGO,690.000
"202511",TAT,AT4,MGO,690.000
"202511",TPT,EC1,MGO,649.214
"202511",TPT,EC2,MGO,649.214
"202511",TPT,EC3,MGO,617.455
"202511",TPT,EC4,MGO,779.670
"202511",TPT,EC5,MGO,633.851
"202511",TPT,EC6,MGO,649.214
"202511",TPT,FP1,MGO,637.975
"202511",TPT,FP2,MGO,1064.096
"202511",TPT,GS2,MGO,645.138
"202511",TPT,MS2,MGO,567.850
"202511",TPT,PN1,MGO,673.000
"202511",TPT,PN2,MGO,645.138
"202511",TPT,PN3,MGO,684.088
"202511",TPT,PN4,MGO,684.088
"202511",TPT,PS3,MGO,645.138
"202511",TPT,PS4,MGO,714.500
"202511",TPT,PS5,MGO,679.535
"202511",TPT,PS6,MGO,673.000
"202511",TPT,PS7,MGO,616.012
"202511",WAT,AG1,MGO,310.591
"202511",WAT,AG2,MGO,645.138
"202511",WAT,AG3,MGO,645.138
"202511",WAT,GS2,MGO,645.138
"202512",MET,MD1,LSFO,551.119
"202512",MET,MD2,LSFO,498.908
"202512",MET,MD3,LSFO,517.013
"202512",MET,MD4,LSFO,567.850
"202512",MET,MD5,LSFO,567.850
"202512",MET,MS2,LSFO,531.982
"202512",NET,FE2,LSFO,467.846
"202512",NET,FE3,LSFO,509.235
"202512",NET,FE4,LSFO,501.638
"202512",NET,FP1,LSFO,504.962
"202512",NET,FP2,LSFO,508.286
"202512",TAT,AL2,LSFO,492.857
"202512",TAT,AL3,LSFO,492.857
"202512",TAT,AL4,LSFO,536.900
"202512",TAT,AL5,LSFO,487.217
"202512",TAT,AL6,LSFO,577.002
"202512",TAT,AT1,LSFO,542.000
"202512",TAT,AT2,LSFO,542.000
"202512",TAT,AT3,LSFO,542.000
"202512",TAT,AT4,LSFO,542.000
"202512",TPT,EC1,LSFO,545.036
"202512",TPT,EC2,LSFO,542.478
"202512",TPT,EC3,LSFO,531.078
"202512",TPT,EC4,LSFO,537.524
"202512",TPT,EC5,LSFO,501.334
"202512",TPT,EC6,LSFO,515.190
"202512",TPT,FP1,LSFO,504.962
"202512",TPT,FP2,LSFO,508.286
"202512",TPT,GS2,LSFO,540.855
"202512",TPT,MS2,LSFO,531.982
"202512",TPT,PN1,LSFO,559.179
"202512",TPT,PN2,LSFO,543.266
"202512",TPT,PN3,LSFO,565.136
"202512",TPT,PN4,LSFO,574.429
"202512",TPT,PS3,LSFO,539.049
"202512",TPT,PS4,LSFO,547.882
"202512",TPT,PS5,LSFO,543.215
"202512",TPT,PS6,LSFO,556.773
"202512",TPT,PS7,LSFO,512.990
"202512",WAT,AG1,LSFO,532.501
"202512",WAT,AG2,LSFO,508.650
"202512",WAT,AG3,LSFO,508.650
"202512",WAT,GS2,LSFO,540.855
"202512",MET,MD1,MGO,654.095
"202512",MET,MD2,MGO,616.012
"202512",MET,MD3,MGO,616.012
"202512",MET,MD4,MGO,567.850
"202512",MET,MD5,MGO,567.850
"202512",MET,MS2,MGO,654.095
"202512",NET,FE2,MGO,618.244
"202512",NET,FE3,MGO,660.928
"202512",NET,FE4,MGO,669.257
"202512",NET,FP1,MGO,660.928
"202512",NET,FP2,MGO,658.976
"202512",TAT,AL2,MGO,634.905
"202512",TAT,AL3,MGO,634.905
"202512",TAT,AL4,MGO,674.100
"202512",TAT,AL5,MGO,636.993
"202512",TAT,AL6,MGO,783.211
"202512",TAT,AT1,MGO,690.000
"202512",TAT,AT2,MGO,690.000
"202512",TAT,AT3,MGO,690.000
"202512",TAT,AT4,MGO,690.000
"202512",TPT,EC1,MGO,681.857
"202512",TPT,EC2,MGO,681.857
"202512",TPT,EC3,MGO,654.095
"202512",TPT,EC4,MGO,654.940
"202512",TPT,EC5,MGO,633.851
"202512",TPT,EC6,MGO,649.214
"202512",TPT,FP1,MGO,660.928
"202512",TPT,FP2,MGO,658.976
"202512",TPT,GS2,MGO,645.138
"202512",TPT,MS2,MGO,654.095
"202512",TPT,PN1,MGO,669.381
"202512",TPT,PN2,MGO,645.138
"202512",TPT,PN3,MGO,681.857
"202512",TPT,PN4,MGO,684.088
"202512",TPT,PS3,MGO,654.095
"202512",TPT,PS4,MGO,741.600
"202512",TPT,PS5,MGO,669.381
"202512",TPT,PS6,MGO,681.857
"202512",TPT,PS7,MGO,616.012
"202512",WAT,AG1,MGO,681.857
"202512",WAT,AG2,MGO,645.138
"202512",WAT,AG3,MGO,645.138
"202512",WAT,GS2,MGO,645.138
"202601",MET,MD1,LSFO,543.840
"202601",MET,MD2,LSFO,547.260
"202601",MET,MD3,LSFO,558.375
"202601",MET,MD4,LSFO,583.050
"202601",MET,MD5,LSFO,583.050
"202601",NET,FE2,LSFO,517.100
"202601",NET,FE3,LSFO,517.100
"202601",NET,FE4,LSFO,529.346
"202601",NET,FP1,LSFO,520.800
"202601",TAT,AL2,LSFO,506.000
"202601",TAT,AL3,LSFO,506.000
"202601",TAT,AL4,LSFO,506.000
"202601",TAT,AL5,LSFO,534.271
"202601",TAT,AL6,LSFO,564.981
"202601",TPT,EC1,LSFO,580.503
"202601",TPT,EC2,LSFO,592.997
"202601",TPT,EC4,LSFO,600.841
"202601",MET,MS2,LSFO,583.050
"202601",TPT,EC3,LSFO,540.956
"202601",TAT,AT1,LSFO,542.000
"202601",TAT,AT2,LSFO,542.000
"202601",TAT,AT3,LSFO,542.000
"202601",TAT,AT4,LSFO,542.000
"202601",TPT,EC5,LSFO,557.881
"202601",TPT,EC6,LSFO,574.357
"202601",TPT,FP1,LSFO,520.800
"202601",TPT,MS2,LSFO,583.050
"202601",TPT,PN1,LSFO,583.929
"202601",TPT,PN2,LSFO,565.172
"202601",TPT,PN3,LSFO,583.986
"202601",TPT,PN4,LSFO,589.664
"202601",TPT,PS3,LSFO,560.171
"202601",TPT,PS4,LSFO,582.121
"202601",TPT,PS5,LSFO,980.650
"202601",TPT,PS6,LSFO,578.672
"202601",TPT,PS7,LSFO,560.171
"202601",WAT,AG1,LSFO,350.182
"202601",WAT,AG2,LSFO,543.000
"202601",WAT,AG3,LSFO,543.000
"202601",MET,MD1,MGO,673.250
"202601",MET,MD2,MGO,673.250
"202601",MET,MD3,MGO,673.250
"202601",MET,MD4,MGO,583.050
"202601",MET,MD5,MGO,583.050
"202601",MET,MS2,MGO,583.050
"202601",NET,FE2,MGO,654.630
"202601",NET,FE3,MGO,654.630
"202601",NET,FE4,MGO,658.451
"202601",NET,FP1,MGO,654.630
"202601",TAT,AL2,MGO,646.650
"202601",TAT,AL3,MGO,646.650
"202601",TAT,AL4,MGO,646.650
"202601",TAT,AL5,MGO,661.287
"202601",TAT,AL6,MGO,709.524
"202601",TAT,AT1,MGO,690.000
"202601",TAT,AT2,MGO,690.000
"202601",TAT,AT3,MGO,690.000
"202601",TAT,AT4,MGO,690.000
"202601",TPT,EC1,MGO,685.988
"202601",TPT,EC2,MGO,685.988
"202601",TPT,EC3,MGO,617.455
"202601",TPT,EC4,MGO,779.670
"202601",TPT,EC5,MGO,684.132
"202601",TPT,EC6,MGO,685.988
"202601",TPT,FP1,MGO,654.630
"202601",TPT,MS2,MGO,583.050
"202601",TPT,PN1,MGO,687.048
"202601",TPT,PN2,MGO,673.250
"202601",TPT,PN3,MGO,685.988
"202601",TPT,PN4,MGO,685.988
"202601",TPT,PS3,MGO,673.250
"202601",TPT,PS4,MGO,719.833
"202601",TPT,PS5,MGO,679.535
"202601",TPT,PS6,MGO,687.048
"202601",TPT,PS7,MGO,673.250
"202601",WAT,AG1,MGO,310.591
"202601",WAT,AG2,MGO,673.250
"202601",WAT,AG3,MGO,673.250
"202602",MET,MD1,LSFO,581.180
"202602",MET,MD2,LSFO,588.187
"202602",MET,MD3,LSFO,596.344
"202602",MET,MD4,LSFO,567.850
"202602",MET,MD5,LSFO,567.850
"202602",MET,MS2,LSFO,567.850
"202602",NET,FE2,LSFO,554.665
"202602",NET,FE3,LSFO,554.665
"202602",NET,FE4,LSFO,559.116
"202602",NET,FP1,LSFO,558.720
"202602",TAT,AL2,LSFO,542.500
"202602",TAT,AL3,LSFO,542.500
"202602",TAT,AL4,LSFO,542.500
"202602",TAT,AL5,LSFO,575.336
"202602",TAT,AL6,LSFO,593.872
"202602",TAT,AT1,LSFO,542.000
"202602",TAT,AT2,LSFO,542.000
"202602",TAT,AT3,LSFO,542.000
"202602",TAT,AT4,LSFO,542.000
"202602",TPT,EC1,LSFO,594.793
"202602",TPT,EC2,LSFO,607.361
"202602",TPT,EC3,LSFO,540.956
"202602",TPT,EC4,LSFO,600.841
"202602",TPT,EC5,LSFO,585.311
"202602",TPT,EC6,LSFO,589.713
"202602",TPT,FP1,LSFO,558.720
"202602",TPT,MS2,LSFO,567.850
"202602",TPT,PN1,LSFO,614.672
"202602",TPT,PN2,LSFO,609.087
"202602",TPT,PN3,LSFO,613.085
"202602",TPT,PN4,LSFO,617.990
"202602",TPT,PS3,LSFO,603.721
"202602",TPT,PS4,LSFO,608.385
"202602",TPT,PS5,LSFO,980.650
"202602",TPT,PS6,LSFO,602.426
"202602",TPT,PS7,LSFO,603.721
"202602",WAT,AG1,LSFO,350.182
"202602",WAT,AG2,LSFO,583.050
"202602",WAT,AG3,LSFO,583.050
"202602",MET,MD1,MGO,720.863
"202602",MET,MD2,MGO,720.863
"202602",MET,MD3,MGO,720.863
"202602",MET,MD4,MGO,567.850
"202602",MET,MD5,MGO,567.850
"202602",MET,MS2,MGO,567.850
"202602",NET,FE2,MGO,699.259
"202602",NET,FE3,MGO,699.259
"202602",NET,FE4,MGO,708.776
"202602",NET,FP1,MGO,699.259
"202602",TAT,AL2,MGO,690.000
"202602",TAT,AL3,MGO,690.000
"202602",TAT,AL4,MGO,690.000
"202602",TAT,AL5,MGO,710.271
"202602",TAT,AL6,MGO,773.810
"202602",TAT,AT1,MGO,690.000
"202602",TAT,AT2,MGO,690.000
"202602",TAT,AT3,MGO,690.000
"202602",TAT,AT4,MGO,690.000
"202602",TPT,EC1,MGO,752.588
"202602",TPT,EC2,MGO,752.588
"202602",TPT,EC3,MGO,617.455
"202602",TPT,EC4,MGO,779.670
"202602",TPT,EC5,MGO,736.747
"202602",TPT,EC6,MGO,752.588
"202602",TPT,FP1,MGO,699.259
"202602",TPT,FP2,MGO,1064.096
"202602",NET,FP2,LSFO,738.391
"202602",TPT,FP2,LSFO,738.391
"202602",NET,FP2,MGO,1064.096
"202602",TPT,MS2,MGO,567.850
"202602",TPT,PN1,MGO,728.900
"202602",TPT,PN2,MGO,720.863
"202602",TPT,PN3,MGO,752.588
"202602",TPT,PN4,MGO,752.588
"202602",TPT,PS3,MGO,720.863
"202602",TPT,PS4,MGO,791.357
"202602",TPT,PS5,MGO,679.535
"202602",TPT,PS6,MGO,728.900
"202602",TPT,PS7,MGO,720.863
"202602",WAT,AG1,MGO,310.591
"202602",WAT,AG2,MGO,720.863
"202602",WAT,AG3,MGO,720.863
"202603",MET,MD1,LSFO,560.865
"202603",MET,MD2,LSFO,567.060
"202603",MET,MD3,LSFO,577.305
"202603",NET,FE2,LSFO,543.905
"202603",NET,FE3,LSFO,543.905
"202603",NET,FE4,LSFO,553.055
"202603",NET,FP1,LSFO,546.240
"202603",NET,FP2,LSFO,738.391
"202603",MET,MD4,LSFO,567.850
"202603",MET,MD5,LSFO,567.850
"202603",MET,MS2,LSFO,567.850
"202603",TAT,AL2,LSFO,536.900
"202603",TAT,AL3,LSFO,536.900
"202603",TAT,AL4,LSFO,536.900
"202603",TAT,AL5,LSFO,565.256
"202603",TAT,AL6,LSFO,577.002
"202603",TAT,AT1,LSFO,542.000
"202603",TAT,AT2,LSFO,542.000
"202603",TAT,AT3,LSFO,542.000
"202603",TAT,AT4,LSFO,542.000
"202603",TPT,EC1,LSFO,584.841
"202603",TPT,EC2,LSFO,596.471
"202603",TPT,EC3,LSFO,540.956
"202603",TPT,EC4,LSFO,600.841
"202603",TPT,EC5,LSFO,565.652
"202603",TPT,EC6,LSFO,574.150
"202603",TPT,FP1,LSFO,546.240
"202603",TPT,FP2,LSFO,738.391
"202603",TPT,MS2,LSFO,567.850
"202603",TPT,PN1,LSFO,600.140
"202603",TPT,PN2,LSFO,593.982
"202603",TPT,PN3,LSFO,602.322
"202603",TPT,PN4,LSFO,612.282
"202603",TPT,PS3,LSFO,581.601
"202603",TPT,PS4,LSFO,591.331
"202603",TPT,PS5,LSFO,980.650
"202603",TPT,PS6,LSFO,578.416
"202603",TPT,PS7,LSFO,581.601
"202603",WAT,AG1,LSFO,350.182
"202603",WAT,AG2,LSFO,560.250
"202603",WAT,AG3,LSFO,560.250
"202603",MET,MD2,MGO,688.800
"202603",MET,MD3,MGO,688.800
"202603",MET,MD4,MGO,567.850
"202603",MET,MD5,MGO,567.850
"202603",MET,MS2,MGO,567.850
"202603",NET,FE2,MGO,678.510
"202603",NET,FE3,MGO,678.510
"202603",NET,FP1,MGO,678.510
"202603",NET,FP2,MGO,1064.096
"202603",TAT,AL2,MGO,674.100
"202603",TAT,AL3,MGO,674.100
"202603",TAT,AL4,MGO,674.100
"202603",TAT,AL5,MGO,695.380
"202603",TAT,AL6,MGO,783.211
"202603",TAT,AT1,MGO,690.000
"202603",TAT,AT2,MGO,690.000
"202603",TAT,AT3,MGO,690.000
"202603",TAT,AT4,MGO,690.000
"202603",TPT,EC1,MGO,717.063
"202603",TPT,EC2,MGO,717.063
"202603",TPT,EC3,MGO,617.455
"202603",TPT,EC4,MGO,779.670
"202603",TPT,EC5,MGO,717.123
"202603",TPT,EC6,MGO,717.063
"202603",TPT,FP1,MGO,678.510
"202603",TPT,FP2,MGO,1064.096
"202603",TPT,MS2,MGO,567.850
"202603",TPT,PN2,MGO,688.800
"202603",TPT,PN3,MGO,717.063
"202603",TPT,PN4,MGO,717.063
"202603",TPT,PS3,MGO,688.800
"202603",TPT,PS4,MGO,780.500
"202603",TPT,PS5,MGO,679.535
"202603",TPT,PS6,MGO,707.000
"202603",TPT,PS7,MGO,688.800
"202603",WAT,AG1,MGO,310.591
"202603",WAT,AG2,MGO,688.800
"202603",WAT,AG3,MGO,688.800
"202604",MET,MD1,LSFO,560.865
"202603",MET,MD1,MGO,688.800
"202603",NET,FE4,MGO,686.989
"202603",TPT,PN1,MGO,707.000
"202604",MET,MD2,LSFO,567.060
"202604",MET,MD3,LSFO,577.305
"202604",MET,MD4,LSFO,567.850
"202604",MET,MD5,LSFO,567.850
"202604",MET,MS2,LSFO,567.850
"202604",NET,FE2,LSFO,543.905
"202604",NET,FE3,LSFO,543.905
"202604",NET,FE4,LSFO,553.055
"202604",NET,FP1,LSFO,546.240
"202604",NET,FP2,LSFO,738.391
"202604",TAT,AL2,LSFO,536.900
"202604",TAT,AL3,LSFO,536.900
"202604",TAT,AL4,LSFO,536.900
"202604",TAT,AL5,LSFO,565.256
"202604",TAT,AL6,LSFO,577.002
"202604",TAT,AT1,LSFO,542.000
"202604",TAT,AT2,LSFO,542.000
"202604",TAT,AT3,LSFO,542.000
"202604",TAT,AT4,LSFO,542.000
"202604",TPT,EC1,LSFO,584.841
"202604",TPT,EC2,LSFO,596.471
"202604",TPT,EC3,LSFO,540.956
"202604",TPT,EC4,LSFO,600.841
"202604",TPT,EC5,LSFO,565.652
"202604",TPT,EC6,LSFO,574.150
"202604",TPT,FP1,LSFO,546.240
"202604",TPT,FP2,LSFO,738.391
"202604",TPT,MS2,LSFO,567.850
"202604",TPT,PN1,LSFO,600.140
"202604",TPT,PN2,LSFO,593.982
"202604",TPT,PN3,LSFO,602.322
"202604",TPT,PN4,LSFO,612.282
"202604",TPT,PS3,LSFO,581.601
"202604",TPT,PS4,LSFO,591.331
"202604",TPT,PS5,LSFO,980.650
"202604",TPT,PS6,LSFO,578.416
"202604",TPT,PS7,LSFO,581.601
"202604",WAT,AG1,LSFO,350.182
"202604",WAT,AG2,LSFO,560.250
"202604",WAT,AG3,LSFO,560.250
"202604",MET,MD1,MGO,688.800
"202604",MET,MD2,MGO,688.800
"202604",MET,MD3,MGO,688.800
"202604",MET,MD4,MGO,567.850
"202604",MET,MD5,MGO,567.850
"202604",MET,MS2,MGO,567.850
"202604",NET,FE2,MGO,678.510
"202604",NET,FE3,MGO,678.510
"202604",NET,FE4,MGO,686.989
"202604",NET,FP1,MGO,678.510
"202604",NET,FP2,MGO,1064.096
"202604",TAT,AL2,MGO,674.100
"202604",TAT,AL3,MGO,674.100
"202604",TAT,AL4,MGO,674.100
"202604",TAT,AL5,MGO,695.380
"202604",TAT,AL6,MGO,783.211
"202604",TAT,AT1,MGO,690.000
"202604",TAT,AT2,MGO,690.000
"202604",TAT,AT3,MGO,690.000
"202604",TAT,AT4,MGO,690.000
"202604",TPT,EC1,MGO,717.063
"202604",TPT,EC2,MGO,717.063
"202604",TPT,EC3,MGO,617.455
"202604",TPT,EC4,MGO,779.670
"202604",TPT,EC5,MGO,717.123
"202604",TPT,EC6,MGO,717.063
"202604",TPT,FP1,MGO,678.510
"202604",TPT,FP2,MGO,1064.096
"202604",TPT,MS2,MGO,567.850
"202604",TPT,PN1,MGO,707.000
"202604",TPT,PN2,MGO,688.800
"202604",TPT,PN3,MGO,717.063
"202604",TPT,PN4,MGO,717.063
"202604",TPT,PS3,MGO,688.800
"202604",TPT,PS4,MGO,780.500
"202604",TPT,PS5,MGO,679.535
"202604",TPT,PS6,MGO,707.000
"202604",TPT,PS7,MGO,688.800
"202604",WAT,AG1,MGO,310.591
"202604",WAT,AG2,MGO,688.800
"202604",WAT,AG3,MGO,688.800
"202605",MET,MD4,LSFO,567.850
"202605",MET,MD5,LSFO,567.850
"202605",MET,MS2,LSFO,567.850
"202605",NET,FE2,LSFO,497.595
"202605",MET,MD1,LSFO,513.198
"202605",MET,MD2,LSFO,519.089
"202605",MET,MD3,LSFO,527.655
"202605",NET,FE3,LSFO,497.595
"202605",NET,FE4,LSFO,513.176
"202605",NET,FP1,LSFO,499.174
"202605",NET,FP2,LSFO,738.391
"202605",TAT,AL2,LSFO,492.857
"202605",TAT,AL3,LSFO,492.857
"202605",TAT,AL4,LSFO,536.900
"202605",TAT,AL5,LSFO,529.800
"202605",TAT,AL6,LSFO,577.002
"202605",TAT,AT1,LSFO,542.000
"202605",TAT,AT2,LSFO,542.000
"202605",TAT,AT3,LSFO,542.000
"202605",TAT,AT4,LSFO,542.000
"202605",TPT,EC1,LSFO,554.740
"202605",TPT,EC2,LSFO,573.534
"202605",TPT,EC3,LSFO,540.956
"202605",TPT,EC4,LSFO,600.841
"202605",TPT,EC5,LSFO,524.873
"202605",TPT,EC6,LSFO,517.800
"202605",TPT,FP1,LSFO,499.174
"202605",TPT,FP2,LSFO,738.391
"202605",TPT,MS2,LSFO,567.850
"202605",TPT,PN1,LSFO,548.395
"202605",TPT,PN2,LSFO,543.266
"202605",TPT,PN3,LSFO,548.756
"202605",TPT,PN4,LSFO,574.429
"202605",TPT,PS3,LSFO,540.855
"202605",TPT,PS4,LSFO,547.260
"202605",TPT,PS5,LSFO,980.650
"202605",TPT,PS6,LSFO,535.920
"202605",TPT,PS7,LSFO,540.855
"202605",WAT,AG1,LSFO,350.182
"202605",WAT,AG2,LSFO,508.650
"202605",WAT,AG3,LSFO,508.650
"202605",MET,MD1,MGO,645.138
"202605",MET,MD2,MGO,645.138
"202605",MET,MD3,MGO,645.138
"202605",MET,MD4,MGO,567.850
"202605",MET,MD5,MGO,567.850
"202605",MET,MS2,MGO,567.850
"202605",NET,FE2,MGO,637.975
"202605",NET,FE3,MGO,637.975
"202605",NET,FE4,MGO,649.660
"202605",NET,FP1,MGO,637.975
"202605",NET,FP2,MGO,1064.096
"202605",TAT,AL2,MGO,634.905
"202605",TAT,AL3,MGO,634.905
"202605",TAT,AL5,MGO,650.824
"202605",TAT,AT1,MGO,690.000
"202605",TAT,AT2,MGO,690.000
"202605",TAT,AT3,MGO,690.000
"202605",TAT,AT4,MGO,690.000
"202605",TPT,EC1,MGO,684.088
"202605",TPT,EC2,MGO,684.088
"202605",TPT,EC3,MGO,617.455
"202605",TPT,EC4,MGO,779.670
"202605",TPT,EC5,MGO,667.840
"202605",TPT,EC6,MGO,684.088
"202605",TPT,FP1,MGO,637.975
"202605",TPT,FP2,MGO,1064.096
"202605",TPT,MS2,MGO,567.850
"202605",TPT,PN1,MGO,673.000
"202605",TPT,PN2,MGO,645.138
"202605",TPT,PN3,MGO,684.088
"202605",TPT,PN4,MGO,684.088
"202605",TPT,PS3,MGO,645.138
"202605",TPT,PS4,MGO,714.500
"202605",TPT,PS5,MGO,679.535
"202605",TPT,PS6,MGO,673.000
"202605",TPT,PS7,MGO,645.138
"202605",WAT,AG1,MGO,310.591
"202605",WAT,AG2,MGO,645.138
"202605",WAT,AG3,MGO,645.138
"202606",MET,MD4,LSFO,567.850
"202606",MET,MD5,LSFO,567.850
"202606",MET,MS2,LSFO,567.850
"202606",NET,FE2,LSFO,467.846
"202605",TAT,AL4,MGO,674.100
"202605",TAT,AL6,MGO,783.211
"202606",MET,MD1,LSFO,493.298
"202606",MET,MD2,LSFO,498.908
"202606",MET,MD3,LSFO,517.013
"202606",NET,FE3,LSFO,467.846
"202606",NET,FE4,LSFO,482.246
"202606",NET,FP1,LSFO,471.528
"202606",NET,FP2,LSFO,738.391
"202606",TAT,AL2,LSFO,492.857
"202606",TAT,AL3,LSFO,492.857
"202606",TAT,AL4,LSFO,536.900
"202606",TAT,AL5,LSFO,487.217
"202606",TAT,AL6,LSFO,577.002
"202606",TAT,AT1,LSFO,542.000
"202606",TAT,AT2,LSFO,542.000
"202606",TAT,AT3,LSFO,542.000
"202606",TAT,AT4,LSFO,542.000
"202606",TPT,EC1,LSFO,531.848
"202606",TPT,EC2,LSFO,560.133
"202606",TPT,EC3,LSFO,540.956
"202606",TPT,EC4,LSFO,600.841
"202606",TPT,EC5,LSFO,501.334
"202606",TPT,EC6,LSFO,515.190
"202606",TPT,FP1,LSFO,499.174
"202606",TPT,FP2,LSFO,738.391
"202606",TPT,MS2,LSFO,567.850
"202606",TPT,PN1,LSFO,548.395
"202606",TPT,PN2,LSFO,543.266
"202606",TPT,PN3,LSFO,548.756
"202606",TPT,PN4,LSFO,574.429
"202606",TPT,PS3,LSFO,540.855
"202606",TPT,PS4,LSFO,547.260
"202606",TPT,PS5,LSFO,980.650
"202606",TPT,PS6,LSFO,535.920
"202606",TPT,PS7,LSFO,512.990
"202606",WAT,AG1,LSFO,350.182
"202606",WAT,AG2,LSFO,508.650
"202606",WAT,AG3,LSFO,508.650
"202606",MET,MD1,MGO,616.012
"202606",MET,MD2,MGO,616.012
"202606",MET,MD3,MGO,616.012
"202606",MET,MD4,MGO,567.850
"202606",MET,MD5,MGO,567.850
"202606",MET,MS2,MGO,567.850
"202606",NET,FE2,MGO,618.244
"202606",NET,FE3,MGO,618.244
"202606",NET,FE4,MGO,628.204
"202606",NET,FP1,MGO,618.244
"202606",NET,FP2,MGO,1064.096
"202606",TAT,AL2,MGO,634.905
"202606",TAT,AL3,MGO,634.905
"202606",TAT,AL4,MGO,674.100
"202606",TAT,AL5,MGO,636.993
"202606",TAT,AL6,MGO,783.211
"202606",TAT,AT1,MGO,690.000
"202606",TAT,AT2,MGO,690.000
"202606",TAT,AT3,MGO,690.000
"202606",TAT,AT4,MGO,690.000
"202606",TPT,EC1,MGO,649.214
"202606",TPT,EC2,MGO,649.214
"202606",TPT,EC3,MGO,617.455
"202606",TPT,EC4,MGO,779.670
"202606",TPT,EC5,MGO,633.851
"202606",TPT,EC6,MGO,649.214
"202606",TPT,FP1,MGO,637.975
"202606",TPT,FP2,MGO,1064.096
"202606",TPT,MS2,MGO,567.850
"202606",TPT,PN1,MGO,673.000
"202606",TPT,PN2,MGO,645.138
"202606",TPT,PN3,MGO,684.088
"202606",TPT,PN4,MGO,684.088
"202606",TPT,PS3,MGO,645.138
"202606",TPT,PS4,MGO,714.500
"202606",TPT,PS5,MGO,679.535
"202606",TPT,PS6,MGO,673.000
"202606",TPT,PS7,MGO,616.012
"202606",WAT,AG1,MGO,310.591
"202606",WAT,AG2,MGO,645.138
"202606",WAT,AG3,MGO,645.138
"202607",MET,MD1,LSFO,493.298
"202607",MET,MD2,LSFO,498.908
"202607",MET,MD3,LSFO,517.013
"202607",MET,MD4,LSFO,567.850
"202607",MET,MD5,LSFO,567.850
"202607",MET,MS2,LSFO,567.850
"202607",NET,FE2,LSFO,467.846
"202607",NET,FE3,LSFO,467.846
"202607",NET,FE4,LSFO,482.246
"202607",NET,FP1,LSFO,471.528
"202607",NET,FP2,LSFO,738.391
"202607",TAT,AL2,LSFO,492.857
"202607",TAT,AL3,LSFO,492.857
"202607",TAT,AL4,LSFO,536.900
"202607",TAT,AL5,LSFO,487.217
"202607",TAT,AL6,LSFO,577.002
"202607",TAT,AT1,LSFO,542.000
"202607",TAT,AT2,LSFO,542.000
"202607",TAT,AT3,LSFO,542.000
"202607",TAT,AT4,LSFO,542.000
"202607",TPT,EC1,LSFO,531.848
"202607",TPT,EC2,LSFO,560.133
"202607",TPT,EC3,LSFO,540.956
"202607",TPT,EC4,LSFO,600.841
"202607",TPT,EC5,LSFO,501.334
"202607",TPT,EC6,LSFO,515.190
"202607",TPT,FP1,LSFO,499.174
"202607",TPT,FP2,LSFO,738.391
"202607",TPT,MS2,LSFO,567.850
"202607",TPT,PN1,LSFO,548.395
"202607",TPT,PN2,LSFO,543.266
"202607",TPT,PN3,LSFO,548.756
"202607",TPT,PN4,LSFO,574.429
"202607",TPT,PS3,LSFO,540.855
"202607",TPT,PS4,LSFO,547.260
"202607",TPT,PS5,LSFO,980.650
"202607",TPT,PS6,LSFO,535.920
"202607",TPT,PS7,LSFO,512.990
"202607",WAT,AG1,LSFO,350.182
"202607",WAT,AG2,LSFO,508.650
"202607",WAT,AG3,LSFO,508.650
"202607",MET,MD1,MGO,616.012
"202607",MET,MD2,MGO,616.012
"202607",MET,MD3,MGO,616.012
"202607",MET,MD4,MGO,567.850
"202607",MET,MD5,MGO,567.850
"202607",MET,MS2,MGO,567.850
"202607",NET,FE2,MGO,618.244
"202607",NET,FE3,MGO,618.244
"202607",NET,FE4,MGO,628.204
"202607",NET,FP1,MGO,618.244
"202607",NET,FP2,MGO,1064.096
"202607",TAT,AL2,MGO,634.905
"202607",TAT,AL3,MGO,634.905
"202607",TAT,AL4,MGO,674.100
"202607",TAT,AL5,MGO,636.993
"202607",TAT,AL6,MGO,783.211
"202607",TAT,AT1,MGO,690.000
"202607",TAT,AT2,MGO,690.000
"202607",TAT,AT3,MGO,690.000
"202607",TAT,AT4,MGO,690.000
"202607",TPT,EC1,MGO,649.214
"202607",TPT,EC2,MGO,649.214
"202607",TPT,EC3,MGO,617.455
"202607",TPT,EC4,MGO,779.670
"202607",TPT,EC5,MGO,633.851
"202607",TPT,EC6,MGO,649.214
"202607",TPT,FP1,MGO,637.975
"202607",TPT,FP2,MGO,1064.096
"202607",TPT,MS2,MGO,567.850
"202607",TPT,PN1,MGO,673.000
"202607",TPT,PN2,MGO,645.138
"202607",TPT,PN3,MGO,684.088
"202607",TPT,PN4,MGO,684.088
"202607",TPT,PS3,MGO,645.138
"202607",TPT,PS4,MGO,714.500
"202607",TPT,PS5,MGO,679.535
"202607",TPT,PS6,MGO,673.000
"202607",TPT,PS7,MGO,616.012
"202607",WAT,AG1,MGO,310.591
"202607",WAT,AG2,MGO,645.138
"202607",WAT,AG3,MGO,645.138
"202608",MET,MD1,LSFO,493.298
"202608",MET,MD2,LSFO,498.908
"202608",MET,MD3,LSFO,517.013
"202608",MET,MD4,LSFO,567.850
"202608",MET,MD5,LSFO,567.850
"202608",MET,MS2,LSFO,567.850
"202608",NET,FE2,LSFO,467.846
"202608",NET,FE3,LSFO,467.846
"202608",NET,FE4,LSFO,482.246
"202608",NET,FP1,LSFO,471.528
"202608",NET,FP2,LSFO,738.391
"202608",TAT,AL2,LSFO,492.857
"202608",TAT,AL3,LSFO,492.857
"202608",TAT,AL4,LSFO,536.900
"202608",TAT,AL5,LSFO,487.217
"202608",TAT,AL6,LSFO,577.002
"202608",TAT,AT1,LSFO,542.000
"202608",TAT,AT2,LSFO,542.000
"202608",TAT,AT3,LSFO,542.000
"202608",TAT,AT4,LSFO,542.000
"202608",TPT,EC1,LSFO,531.848
"202608",TPT,EC2,LSFO,560.133
"202608",TPT,EC3,LSFO,540.956
"202608",TPT,EC4,LSFO,600.841
"202608",TPT,EC5,LSFO,501.334
"202608",TPT,EC6,LSFO,515.190
"202608",TPT,FP1,LSFO,499.174
"202608",TPT,FP2,LSFO,738.391
"202608",TPT,MS2,LSFO,567.850
"202608",TPT,PN1,LSFO,548.395
"202608",TPT,PN2,LSFO,543.266
"202608",TPT,PN3,LSFO,548.756
"202608",TPT,PN4,LSFO,574.429
"202608",TPT,PS3,LSFO,540.855
"202608",TPT,PS4,LSFO,547.260
"202608",TPT,PS5,LSFO,980.650
"202608",TPT,PS6,LSFO,535.920
"202608",TPT,PS7,LSFO,512.990
"202608",WAT,AG1,LSFO,350.182
"202608",WAT,AG2,LSFO,508.650
"202608",WAT,AG3,LSFO,508.650
"202608",MET,MD1,MGO,616.012
"202608",MET,MD2,MGO,616.012
"202608",MET,MD3,MGO,616.012
"202608",MET,MD4,MGO,567.850
"202608",MET,MD5,MGO,567.850
"202608",MET,MS2,MGO,567.850
"202608",NET,FE2,MGO,618.244
"202608",NET,FE3,MGO,618.244
"202608",NET,FE4,MGO,628.204
"202608",NET,FP1,MGO,618.244
"202608",NET,FP2,MGO,1064.096
"202608",TAT,AL2,MGO,634.905
"202608",TAT,AL3,MGO,634.905
"202608",TAT,AL4,MGO,674.100
"202608",TAT,AL5,MGO,636.993
"202608",TAT,AL6,MGO,783.211
"202608",TAT,AT1,MGO,690.000
"202608",TAT,AT2,MGO,690.000
"202608",TAT,AT3,MGO,690.000
"202608",TAT,AT4,MGO,690.000
"202608",TPT,EC1,MGO,649.214
"202608",TPT,EC2,MGO,649.214
"202608",TPT,EC3,MGO,617.455
"202608",TPT,EC4,MGO,779.670
"202608",TPT,EC5,MGO,633.851
"202608",TPT,EC6,MGO,649.214
"202608",TPT,FP1,MGO,637.975
"202608",TPT,FP2,MGO,1064.096
"202608",TPT,MS2,MGO,567.850
"202608",TPT,PN1,MGO,673.000
"202608",TPT,PN2,MGO,645.138
"202608",TPT,PN3,MGO,684.088
"202608",TPT,PN4,MGO,684.088
"202608",TPT,PS3,MGO,645.138
"202608",TPT,PS4,MGO,714.500
"202608",TPT,PS5,MGO,679.535
"202608",TPT,PS6,MGO,673.000
"202608",TPT,PS7,MGO,616.012
"202608",WAT,AG1,MGO,310.591
"202608",WAT,AG2,MGO,645.138
"202608",WAT,AG3,MGO,645.138
"202609",MET,MD1,LSFO,493.298
"202609",MET,MD2,LSFO,498.908
"202609",MET,MD3,LSFO,517.013
"202609",MET,MD4,LSFO,567.850
"202609",MET,MD5,LSFO,567.850
"202609",MET,MS2,LSFO,567.850
"202609",NET,FE2,LSFO,467.846
"202609",NET,FE3,LSFO,467.846
"202609",NET,FE4,LSFO,482.246
"202609",NET,FP1,LSFO,471.528
"202609",NET,FP2,LSFO,738.391
"202609",TAT,AL2,LSFO,492.857
"202609",TAT,AL3,LSFO,492.857
"202609",TAT,AL4,LSFO,536.900
"202609",TAT,AL5,LSFO,487.217
"202609",TAT,AL6,LSFO,577.002
"202609",TAT,AT1,LSFO,542.000
"202609",TAT,AT2,LSFO,542.000
"202609",TAT,AT3,LSFO,542.000
"202609",TAT,AT4,LSFO,542.000
"202609",TPT,EC1,LSFO,531.848
"202609",TPT,EC2,LSFO,560.133
"202609",TPT,EC3,LSFO,540.956
"202609",TPT,EC4,LSFO,600.841
"202609",TPT,EC5,LSFO,501.334
"202609",TPT,EC6,LSFO,515.190
"202609",TPT,FP1,LSFO,499.174
"202609",TPT,FP2,LSFO,738.391
"202609",TPT,MS2,LSFO,567.850
"202609",TPT,PN1,LSFO,548.395
"202609",TPT,PN2,LSFO,543.266
"202609",TPT,PN3,LSFO,548.756
"202609",TPT,PS6,LSFO,535.920
"202609",TPT,GS2,LSFO,540.855
"202609",TPT,PN4,LSFO,574.429
"202609",TPT,PS3,LSFO,540.855
"202609",TPT,PS4,LSFO,547.260
"202609",TPT,PS5,LSFO,980.650
"202609",TPT,PS7,LSFO,512.990
"202609",WAT,AG1,LSFO,350.182
"202609",WAT,AG2,LSFO,508.650
"202609",WAT,AG3,LSFO,508.650
"202609",WAT,GS2,LSFO,540.855
"202609",MET,MD1,MGO,616.012
"202609",MET,MD2,MGO,616.012
"202609",MET,MD3,MGO,616.012
"202609",MET,MD4,MGO,567.850
"202609",MET,MD5,MGO,567.850
"202609",MET,MS2,MGO,567.850
"202609",NET,FE2,MGO,618.244
"202609",NET,FE3,MGO,618.244
"202609",NET,FE4,MGO,628.204
"202609",NET,FP1,MGO,618.244
"202609",NET,FP2,MGO,1064.096
"202609",TAT,AL2,MGO,634.905
"202609",TAT,AL3,MGO,634.905
"202609",TAT,AL4,MGO,674.100
"202609",TAT,AL5,MGO,636.993
"202609",TAT,AL6,MGO,783.211
"202609",TAT,AT1,MGO,690.000
"202609",TAT,AT2,MGO,690.000
"202609",TAT,AT3,MGO,690.000
"202609",TAT,AT4,MGO,690.000
"202609",TPT,EC1,MGO,649.214
"202609",TPT,EC2,MGO,649.214
"202609",TPT,EC3,MGO,617.455
"202609",TPT,EC4,MGO,779.670
"202609",TPT,EC5,MGO,633.851
"202609",TPT,EC6,MGO,649.214
"202609",TPT,FP1,MGO,637.975
"202609",TPT,GS2,MGO,645.138
"202609",TPT,PN2,MGO,645.138
"202609",TPT,FP2,MGO,1064.096
"202609",TPT,MS2,MGO,567.850
"202609",TPT,PN1,MGO,673.000
"202609",TPT,PN3,MGO,684.088
"202609",TPT,PN4,MGO,684.088
"202609",TPT,PS3,MGO,645.138
"202609",TPT,PS4,MGO,714.500
"202609",TPT,PS5,MGO,679.535
"202609",TPT,PS6,MGO,673.000
"202609",TPT,PS7,MGO,616.012
"202609",WAT,AG1,MGO,310.591
"202609",WAT,AG2,MGO,645.138
"202609",WAT,AG3,MGO,645.138
"202609",WAT,GS2,MGO,645.138
"202610",MET,MD1,LSFO,493.298
"202610",MET,MD2,LSFO,498.908
"202610",MET,MD3,LSFO,517.013
"202610",MET,MD4,LSFO,567.850
"202610",MET,MD5,LSFO,567.850
"202610",MET,MS2,LSFO,567.850
"202610",NET,FE2,LSFO,467.846
"202610",NET,FE3,LSFO,467.846
"202610",NET,FE4,LSFO,482.246
"202610",NET,FP1,LSFO,471.528
"202610",NET,FP2,LSFO,738.391
"202610",TAT,AL2,LSFO,492.857
"202610",TAT,AL3,LSFO,492.857
"202610",TAT,AL4,LSFO,536.900
"202610",TAT,AL5,LSFO,487.217
"202610",TAT,AL6,LSFO,577.002
"202610",TAT,AT1,LSFO,542.000
"202610",TAT,AT2,LSFO,542.000
"202610",TAT,AT3,LSFO,542.000
"202610",TAT,AT4,LSFO,542.000
"202610",TPT,EC1,LSFO,531.848
"202610",TPT,EC2,LSFO,560.133
"202610",TPT,EC3,LSFO,540.956
"202610",TPT,EC4,LSFO,600.841
"202610",TPT,EC5,LSFO,501.334
"202610",TPT,EC6,LSFO,515.190
"202610",TPT,FP1,LSFO,499.174
"202610",TPT,FP2,LSFO,738.391
"202610",TPT,GS2,LSFO,540.855
"202610",TPT,MS2,LSFO,567.850
"202610",TPT,PN1,LSFO,548.395
"202610",TPT,PN2,LSFO,543.266
"202610",TPT,PN3,LSFO,548.756
"202610",TPT,PN4,LSFO,574.429
"202610",TPT,PS3,LSFO,540.855
"202610",TPT,PS4,LSFO,547.260
"202610",TPT,PS5,LSFO,980.650
"202610",TPT,PS6,LSFO,535.920
"202610",TPT,PS7,LSFO,512.990
"202610",WAT,AG1,LSFO,350.182
"202610",WAT,AG2,LSFO,508.650
"202610",WAT,AG3,LSFO,508.650
"202610",WAT,GS2,LSFO,540.855
"202610",MET,MD1,MGO,616.012
"202610",MET,MD2,MGO,616.012
"202610",MET,MD3,MGO,616.012
"202610",MET,MD4,MGO,567.850
"202610",MET,MD5,MGO,567.850
"202610",MET,MS2,MGO,567.850
"202610",NET,FE2,MGO,618.244
"202610",NET,FE3,MGO,618.244
"202610",NET,FE4,MGO,628.204
"202610",NET,FP1,MGO,618.244
"202610",NET,FP2,MGO,1064.096
"202610",TAT,AL2,MGO,634.905
"202610",TAT,AL3,MGO,634.905
"202610",TAT,AL4,MGO,674.100
"202610",TAT,AL5,MGO,636.993
"202610",TAT,AL6,MGO,783.211
"202610",TAT,AT1,MGO,690.000
"202610",TAT,AT2,MGO,690.000
"202610",TAT,AT3,MGO,690.000
"202610",TAT,AT4,MGO,690.000
"202610",TPT,EC1,MGO,649.214
"202610",TPT,EC2,MGO,649.214
"202610",TPT,EC3,MGO,617.455
"202610",TPT,EC4,MGO,779.670
"202610",TPT,EC5,MGO,633.851
"202610",TPT,EC6,MGO,649.214
"202610",TPT,FP1,MGO,637.975
"202610",TPT,FP2,MGO,1064.096
"202610",TPT,GS2,MGO,645.138
"202610",TPT,MS2,MGO,567.850
"202610",TPT,PN1,MGO,673.000
"202610",TPT,PN2,MGO,645.138
"202610",TPT,PN3,MGO,684.088
"202610",TPT,PN4,MGO,684.088
"202610",TPT,PS3,MGO,645.138
"202610",TPT,PS4,MGO,714.500
"202610",TPT,PS5,MGO,679.535
"202610",TPT,PS6,MGO,673.000
"202610",TPT,PS7,MGO,616.012
"202610",WAT,AG1,MGO,310.591
"202610",WAT,AG2,MGO,645.138
"202610",WAT,AG3,MGO,645.138
"202610",WAT,GS2,MGO,645.138
"202611",MET,MD1,LSFO,493.298
"202611",MET,MD2,LSFO,498.908
"202611",MET,MD3,LSFO,517.013
"202611",MET,MD4,LSFO,567.850
"202611",MET,MD5,LSFO,567.850
"202611",MET,MS2,LSFO,567.850
"202611",NET,FE2,LSFO,467.846
"202611",NET,FE3,LSFO,467.846
"202611",NET,FE4,LSFO,482.246
"202611",NET,FP1,LSFO,471.528
"202611",NET,FP2,LSFO,738.391
"202611",TAT,AL5,LSFO,487.217
"202611",TAT,AL2,LSFO,492.857
"202611",TAT,AL3,LSFO,492.857
"202611",TAT,AL4,LSFO,536.900
"202611",TAT,AL6,LSFO,577.002
"202611",TAT,AT1,LSFO,542.000
"202611",TAT,AT2,LSFO,542.000
"202611",TAT,AT3,LSFO,542.000
"202611",TAT,AT4,LSFO,542.000
"202611",TPT,EC1,LSFO,531.848
"202611",TPT,EC2,LSFO,560.133
"202611",TPT,EC3,LSFO,540.956
"202611",TPT,EC4,LSFO,600.841
"202611",TPT,EC5,LSFO,501.334
"202611",TPT,EC6,LSFO,515.190
"202611",TPT,FP1,LSFO,499.174
"202611",TPT,FP2,LSFO,738.391
"202611",TPT,GS2,LSFO,540.855
"202611",TPT,MS2,LSFO,567.850
"202611",TPT,PN1,LSFO,548.395
"202611",TPT,PN2,LSFO,543.266
"202611",TPT,PN3,LSFO,548.756
"202611",TPT,PN4,LSFO,574.429
"202611",TPT,PS3,LSFO,540.855
"202611",TPT,PS4,LSFO,547.260
"202611",TPT,PS5,LSFO,980.650
"202611",TPT,PS6,LSFO,535.920
"202611",TPT,PS7,LSFO,512.990
"202611",WAT,AG1,LSFO,350.182
"202611",WAT,AG2,LSFO,508.650
"202611",WAT,AG3,LSFO,508.650
"202611",WAT,GS2,LSFO,540.855
"202611",MET,MD1,MGO,616.012
"202611",MET,MD2,MGO,616.012
"202611",MET,MD3,MGO,616.012
"202611",MET,MD4,MGO,567.850
"202611",MET,MD5,MGO,567.850
"202611",MET,MS2,MGO,567.850
"202611",NET,FE2,MGO,618.244
"202611",NET,FE3,MGO,618.244
"202611",NET,FE4,MGO,628.204
"202611",NET,FP1,MGO,618.244
"202611",NET,FP2,MGO,1064.096
"202611",TAT,AL2,MGO,634.905
"202611",TAT,AL3,MGO,634.905
"202611",TAT,AL4,MGO,674.100
"202611",TAT,AL5,MGO,636.993
"202611",TAT,AL6,MGO,783.211
"202611",TAT,AT1,MGO,690.000
"202611",TAT,AT2,MGO,690.000
"202611",TAT,AT3,MGO,690.000
"202611",TAT,AT4,MGO,690.000
"202611",TPT,EC1,MGO,649.214
"202611",TPT,EC2,MGO,649.214
"202611",TPT,EC3,MGO,617.455
"202611",TPT,EC4,MGO,779.670
"202611",TPT,EC5,MGO,633.851
"202611",TPT,EC6,MGO,649.214
"202611",TPT,FP1,MGO,637.975
"202611",TPT,FP2,MGO,1064.096
"202611",TPT,GS2,MGO,645.138
"202611",TPT,MS2,MGO,567.850
"202611",TPT,PN1,MGO,673.000
"202611",TPT,PN2,MGO,645.138
"202611",TPT,PN3,MGO,684.088
"202611",TPT,PN4,MGO,684.088
"202611",TPT,PS3,MGO,645.138
"202611",TPT,PS4,MGO,714.500
"202611",TPT,PS5,MGO,679.535
"202611",TPT,PS6,MGO,673.000
"202611",TPT,PS7,MGO,616.012
"202611",WAT,AG1,MGO,310.591
"202611",WAT,AG2,MGO,645.138
"202611",WAT,AG3,MGO,645.138
"202611",WAT,GS2,MGO,645.138
"202612",MET,MD1,LSFO,551.119
"202612",MET,MD2,LSFO,498.908
"202612",MET,MD3,LSFO,517.013
"202612",MET,MD4,LSFO,567.850
"202612",MET,MD5,LSFO,567.850
"202612",MET,MS2,LSFO,531.982
"202612",NET,FE2,LSFO,467.846
"202612",NET,FE3,LSFO,509.235
"202612",NET,FE4,LSFO,501.638
"202612",NET,FP1,LSFO,504.962
"202612",NET,FP2,LSFO,508.286
"202612",TAT,AL2,LSFO,492.857
"202612",TAT,AL3,LSFO,492.857
"202612",TAT,AL4,LSFO,536.900
"202612",TAT,AL5,LSFO,487.217
"202612",TAT,AL6,LSFO,577.002
"202612",TAT,AT1,LSFO,542.000
"202612",TAT,AT2,LSFO,542.000
"202612",TAT,AT3,LSFO,542.000
"202612",TAT,AT4,LSFO,542.000
"202612",TPT,EC1,LSFO,545.036
"202612",TPT,EC2,LSFO,542.478
"202612",TPT,EC3,LSFO,531.078
"202612",TPT,EC4,LSFO,537.524
"202612",TPT,EC5,LSFO,501.334
"202612",TPT,EC6,LSFO,515.190
"202612",TPT,FP1,LSFO,504.962
"202612",TPT,FP2,LSFO,508.286
"202612",TPT,GS2,LSFO,540.855
"202612",TPT,MS2,LSFO,531.982
"202612",TPT,PN1,LSFO,559.179
"202612",TPT,PN2,LSFO,543.266
"202612",TPT,PN3,LSFO,565.136
"202612",TPT,PN4,LSFO,574.429
"202612",TPT,PS3,LSFO,539.049
"202612",TPT,PS4,LSFO,547.882
"202612",TPT,PS5,LSFO,543.215
"202612",TPT,PS6,LSFO,556.773
"202612",TPT,PS7,LSFO,512.990
"202612",WAT,AG1,LSFO,532.501
"202612",WAT,AG2,LSFO,508.650
"202612",WAT,AG3,LSFO,508.650
"202612",WAT,GS2,LSFO,540.855
"202612",MET,MD1,MGO,654.095
"202612",MET,MD2,MGO,616.012
"202612",MET,MD3,MGO,616.012
"202612",MET,MD4,MGO,567.850
"202612",MET,MD5,MGO,567.850
"202612",MET,MS2,MGO,654.095
"202612",NET,FE2,MGO,618.244
"202612",NET,FE3,MGO,660.928
"202612",NET,FE4,MGO,669.257
"202612",NET,FP1,MGO,660.928
"202612",NET,FP2,MGO,658.976
"202612",TAT,AL2,MGO,634.905
"202612",TAT,AL3,MGO,634.905
"202612",TAT,AL4,MGO,674.100
"202612",TAT,AL5,MGO,636.993
"202612",TAT,AL6,MGO,783.211
"202612",TAT,AT1,MGO,690.000
"202612",TAT,AT2,MGO,690.000
"202612",TAT,AT3,MGO,690.000
"202612",TAT,AT4,MGO,690.000
"202612",TPT,EC1,MGO,681.857
"202612",TPT,EC2,MGO,681.857
"202612",TPT,EC3,MGO,654.095
"202612",TPT,EC4,MGO,654.940
"202612",TPT,EC5,MGO,633.851
"202612",TPT,EC6,MGO,649.214
"202612",TPT,FP1,MGO,660.928
"202612",TPT,FP2,MGO,658.976
"202612",TPT,GS2,MGO,645.138
"202612",TPT,MS2,MGO,654.095
"202612",TPT,PN1,MGO,669.381
"202612",TPT,PN2,MGO,645.138
"202612",TPT,PN3,MGO,681.857
"202612",TPT,PN4,MGO,684.088
"202612",TPT,PS3,MGO,654.095
"202612",TPT,PS4,MGO,741.600
"202612",TPT,PS5,MGO,669.381
"202612",TPT,PS6,MGO,681.857
"202612",TPT,PS7,MGO,616.012
"202612",WAT,AG1,MGO,681.857
"202612",WAT,AG2,MGO,645.138
"202612",WAT,AG3,MGO,645.138
"202612",WAT,GS2,MGO,645.138
